tick,pos_x,pos_y,pos_z
310,-0.3855,-60.0000,0.1169
320,-0.3855,-60.0000,0.1169
330,-0.3855,-60.0000,0.1169
340,-0.3855,-60.0000,0.1169
350,-0.3855,-60.0000,0.1169
360,-0.3488,-60.0000,0.1328
370,0.4261,-60.0000,0.3878
380,1.1215,-60.0000,0.3142
390,1.8691,-60.0000,-0.1124
400,2.5638,-60.0000,-0.6484
410,3.2132,-60.0000,-1.2436
420,3.8441,-60.0000,-1.8586
430,4.4716,-60.0000,-2.4772
440,5.0963,-60.0000,-3.0985
450,5.7198,-60.0000,-3.7209
460,6.3431,-60.0000,-4.3436
470,6.9662,-60.0000,-4.9665
480,7.5893,-60.0000,-5.5894
490,8.1403,-60.0000,-6.1404
500,8.1590,-60.0000,-6.1591
510,8.1590,-60.0000,-6.1591
520,8.1590,-60.0000,-6.1591
530,8.1590,-60.0000,-6.1591
540,8.1590,-60.0000,-6.1591
550,8.1590,-60.0000,-6.1591
560,8.1590,-60.0000,-6.1591
570,8.1590,-60.0000,-6.1591
580,8.1590,-60.0000,-6.1591
590,8.1590,-60.0000,-6.1591
600,8.1590,-60.0000,-6.1591
610,8.1590,-60.0000,-6.1591
620,8.1590,-60.0000,-6.1591
630,8.1590,-60.0000,-6.1591
640,8.1590,-60.0000,-6.1591
650,8.1590,-60.0000,-6.1591
660,8.1590,-60.0000,-6.1591
670,8.1590,-60.0000,-6.1591
680,8.1590,-60.0000,-6.1591
690,8.1590,-60.0000,-6.1591
700,8.1590,-60.0000,-6.1591
710,8.1873,-60.0000,-6.1874
720,8.7695,-60.0000,-6.7696
730,9.3924,-60.0000,-7.3925
740,10.0154,-60.0000,-8.0155
750,10.6384,-60.0000,-8.6385
760,11.2614,-60.0000,-9.2615
770,11.8844,-60.0000,-9.8845
780,12.5074,-60.0000,-10.5075
790,13.1304,-60.0000,-11.1305
800,13.7534,-60.0000,-11.7535
810,14.3764,-60.0000,-12.3765
820,14.9994,-60.0000,-12.9995
830,15.6224,-60.0000,-13.6225
840,16.2454,-60.0000,-14.2455
850,16.8684,-60.0000,-14.8685
860,17.1266,-60.0000,-15.1267
870,17.1266,-60.0000,-15.1267
880,17.1266,-60.0000,-15.1267
890,17.1549,-60.0000,-15.1550
900,17.7371,-60.0000,-15.7372
910,18.3600,-60.0000,-16.3601
920,18.9830,-60.0000,-16.9831
930,19.6060,-60.0000,-17.6061
940,20.2290,-60.0000,-18.2291
950,20.8520,-60.0000,-18.8521
960,21.1725,-60.0000,-19.1726
970,21.1725,-60.0000,-19.1726
980,21.1725,-60.0000,-19.1726
990,21.1725,-60.0000,-19.1726
1000,21.1725,-60.0000,-19.1726
1010,21.1725,-60.0000,-19.1726
1020,21.1725,-60.0000,-19.1726
1030,21.1725,-60.0000,-19.1726
1040,21.1725,-60.0000,-19.1726
1050,21.1725,-60.0000,-19.1726
1060,21.1725,-60.0000,-19.1726
1070,21.1725,-60.0000,-19.1726
1080,21.1725,-60.0000,-19.1726
1090,21.1725,-60.0000,-19.1726
1100,21.1725,-60.0000,-19.1726
1110,21.1725,-60.0000,-19.1726
1120,21.1725,-60.0000,-19.1726
1130,21.1725,-60.0000,-19.1726
1140,21.1508,-60.0000,-19.0504
1150,20.5274,-60.0000,-18.4750
1160,19.8883,-60.0000,-17.8686
1170,19.2600,-60.0000,-17.2510
1180,18.6343,-60.0000,-16.6307
1190,18.0103,-60.0000,-16.0087
1200,17.3869,-60.0000,-15.3861
1210,16.7636,-60.0000,-14.7633
1220,16.1406,-60.0000,-14.1404
1230,15.4062,-60.0000,-13.7130
1240,14.5429,-60.0000,-13.5538
1250,13.6979,-60.0000,-13.4293
1260,13.0008,-60.0000,-12.8965
1270,12.8526,-60.0000,-12.7819
1280,12.8526,-60.0000,-12.7819
1290,12.8173,-60.0000,-12.8007
1300,12.0901,-60.0000,-13.1867
1310,11.3903,-60.0000,-13.7134
1320,10.7353,-60.0000,-14.3024
1330,10.1023,-60.0000,-14.9152
1340,9.4741,-60.0000,-15.5329
1350,8.8489,-60.0000,-16.1537
1360,8.2252,-60.0000,-16.7760
1370,7.8421,-60.0000,-17.1585
1380,7.8421,-60.0000,-17.1585
1390,7.8421,-60.0000,-17.1585
1400,7.8421,-60.0000,-17.1585
1410,7.8421,-60.0000,-17.1585
1420,7.8421,-60.0000,-17.1585
1430,7.8421,-60.0000,-17.1585
1440,7.7987,-60.0000,-17.3286
1450,7.5921,-60.0000,-18.1668
1460,7.5346,-60.0000,-19.0444
1470,7.5215,-60.0000,-19.9247
1480,7.5135,-60.0000,-20.8055
1490,7.5085,-60.0000,-21.6865
1500,7.5051,-60.0000,-22.5675
1510,7.3513,-60.0000,-23.3983
1520,6.8164,-60.0000,-24.0959
1530,6.7569,-60.0000,-24.1753
1540,6.7569,-60.0000,-24.1753
1550,6.7569,-60.0000,-24.1753
1560,6.7569,-60.0000,-24.1753
1570,6.7569,-60.0000,-24.1753
1580,6.7569,-60.0000,-24.1753
1590,6.7569,-60.0000,-24.1753
1600,6.7569,-60.0000,-24.1753
1610,6.7569,-60.0000,-24.1753
1620,6.7569,-60.0000,-24.1753
1630,6.7569,-60.0000,-24.1753
1640,6.7569,-60.0000,-24.1753
1650,6.7569,-60.0000,-24.1753
1660,6.7569,-60.0000,-24.1753
1670,6.7569,-60.0000,-24.1753
1680,6.7569,-60.0000,-24.1753
1690,6.8428,-60.0000,-24.3285
1700,7.2654,-60.0000,-25.0819
1710,7.8320,-60.0000,-25.7538
1720,8.4297,-60.0000,-26.4008
1730,9.0442,-60.0000,-27.0322
1740,9.8450,-60.0000,-27.3420
1750,10.7148,-60.0000,-27.4560
1760,11.5948,-60.0000,-27.4724
1770,12.4226,-60.0000,-27.6368
1780,13.1106,-60.0000,-28.1838
1790,13.1889,-60.0000,-28.2447
1800,13.1889,-60.0000,-28.2447
1810,13.1889,-60.0000,-28.2447
1820,13.1889,-60.0000,-28.2447
1830,13.1889,-60.0000,-28.2447
1840,13.1889,-60.0000,-28.2447
1850,13.1889,-60.0000,-28.2447
1860,13.1889,-60.0000,-28.2447
1870,13.1889,-60.0000,-28.2447
1880,13.0255,-60.0000,-28.5425
1890,12.6618,-60.0000,-29.3300
1900,12.5424,-60.0000,-30.2015
1910,12.5212,-60.0000,-31.0816
1920,12.0491,-60.0000,-31.8022
1930,11.7717,-60.0000,-32.1584
1940,11.7717,-60.0000,-32.1584
1950,11.7717,-60.0000,-32.1584
1960,11.7717,-60.0000,-32.1584
1970,11.7717,-60.0000,-32.1584
1980,11.7717,-60.0000,-32.1584
1990,11.7717,-60.0000,-32.1584
2000,11.7717,-60.0000,-32.1584
2010,11.7717,-60.0000,-32.1584
2020,11.7717,-60.0000,-32.1584
2030,11.7717,-60.0000,-32.1584
2040,11.7717,-60.0000,-32.1584
2050,11.7717,-60.0000,-32.1584
2060,11.7717,-60.0000,-32.1584
2070,11.6700,-60.0000,-32.6606
2080,11.5450,-60.0000,-33.5289
2090,11.6778,-60.0000,-34.3633
2100,12.1905,-60.0000,-35.0776
2110,12.2475,-60.0000,-35.1589
2120,12.2475,-60.0000,-35.1589
2130,12.2475,-60.0000,-35.1589
2140,12.2475,-60.0000,-35.1589
2150,12.2475,-60.0000,-35.1589
2160,12.2475,-60.0000,-35.1589
2170,12.2475,-60.0000,-35.1589
2180,12.2475,-60.0000,-35.1589
2190,12.2475,-60.0000,-35.1589
2200,12.2475,-60.0000,-35.1589
2210,12.2475,-60.0000,-35.1589
2220,12.2475,-60.0000,-35.1589
2230,12.2475,-60.0000,-35.1589
2240,12.2475,-60.0000,-35.1589
2250,12.2475,-60.0000,-35.1589
2260,12.2475,-60.0000,-35.1589
2270,12.2475,-60.0000,-35.1589
2280,12.2475,-60.0000,-35.1589
2290,12.2475,-60.0000,-35.1589
2300,12.2475,-60.0000,-35.1589
2310,12.2475,-60.0000,-35.1589
2320,12.2475,-60.0000,-35.1589
2330,12.2475,-60.0000,-35.1589
2340,12.3674,-60.0000,-35.2873
2350,12.9570,-60.0000,-35.9186
2360,13.5678,-60.0000,-36.5534
2370,14.1864,-60.0000,-37.1808
2380,14.8079,-60.0000,-37.8052
2390,15.4301,-60.0000,-38.4291
2400,16.0528,-60.0000,-39.0524
2410,16.6757,-60.0000,-39.6755
2420,17.1744,-60.0000,-40.1744
2430,17.4846,-60.0000,-40.0266
2440,18.2487,-60.0000,-39.6035
2450,18.9119,-60.0000,-39.0250
2460,19.5542,-60.0000,-38.4222
2470,20.1845,-60.0000,-37.8065
2480,20.8098,-60.0000,-37.1858
2490,21.4341,-60.0000,-36.5641
2500,22.0577,-60.0000,-35.9417
2510,22.6808,-60.0000,-35.3189
2520,23.3040,-60.0000,-34.6960
2530,23.9270,-60.0000,-34.0730
2540,24.2883,-60.0000,-33.2968
2550,24.6437,-60.0000,-32.5117
2560,25.1857,-60.0000,-31.8692
2570,25.2171,-60.0000,-31.8291
2580,25.2171,-60.0000,-31.8291
2590,25.2171,-60.0000,-31.8291
2600,25.2171,-60.0000,-31.8291
2610,25.5182,-60.0000,-31.9865
2620,26.2718,-60.0000,-32.4257
2630,26.9362,-60.0000,-33.0035
2640,27.5783,-60.0000,-33.6065
2650,28.2101,-60.0000,-34.2206
2660,28.8358,-60.0000,-34.8409
2670,29.2694,-60.0000,-35.5727
2680,29.4381,-60.0000,-36.4341
2690,29.5302,-60.0000,-37.2923
2700,30.0683,-60.0000,-37.9810
2710,30.2427,-60.0000,-38.1940
2720,30.0024,-60.0000,-38.0618
2730,29.4004,-60.0000,-37.4312
2740,28.7871,-60.0000,-36.7986
2750,28.1671,-60.0000,-36.1727
2760,27.5458,-60.0000,-35.5480
2770,26.9235,-60.0000,-34.9243
2780,26.0994,-60.0000,-34.6508
2790,25.3596,-60.0000,-34.2058
2800,24.8143,-60.0000,-33.7584
2810,24.8049,-60.0000,-33.7534
2820,24.9371,-60.0000,-33.9944
2830,25.5671,-60.0000,-34.5971
2840,26.1993,-60.0000,-35.2107
2850,26.8252,-60.0000,-35.8308
2860,27.4499,-60.0000,-36.4522
2870,28.0735,-60.0000,-37.0745
2880,28.3479,-60.0000,-37.8983
2890,28.4563,-60.0000,-38.7694
2900,28.7303,-60.0000,-39.5582
2910,29.2220,-60.0000,-40.1618
2920,29.2361,-60.0000,-40.1823
2930,29.2361,-60.0000,-40.1823
2940,29.2361,-60.0000,-40.1823
2950,29.2361,-60.0000,-40.1823
2960,29.2361,-60.0000,-40.1823
2970,29.2361,-60.0000,-40.1823
2980,29.4713,-60.0000,-40.4275
2990,30.0776,-60.0000,-41.0596
3000,30.6959,-60.0000,-41.6873
3010,31.3162,-60.0000,-42.3129
3020,31.9383,-60.0000,-42.9368
3030,32.5609,-60.0000,-43.5603
3040,33.1117,-60.0000,-44.1114
3050,33.1304,-60.0000,-44.1302
3060,33.3705,-60.0000,-44.3704
3070,33.9899,-60.0000,-44.9898
3080,34.6128,-60.0000,-45.6128
3090,35.2358,-60.0000,-46.2358
3100,35.8588,-60.0000,-46.8588
3110,36.4818,-60.0000,-47.4818
3120,37.1048,-60.0000,-48.1048
3130,37.1761,-60.0000,-48.1761
3140,37.1761,-60.0000,-48.1761
3150,37.1761,-60.0000,-48.1761
3160,37.1761,-60.0000,-48.1761
3170,37.1761,-60.0000,-48.1761
3180,37.1761,-60.0000,-48.1761
3190,37.1761,-60.0000,-48.1761
3200,37.1761,-60.0000,-48.1761
3210,37.1761,-60.0000,-48.1761
3220,37.1761,-60.0000,-48.1761
3230,37.1761,-60.0000,-48.1761
3240,37.1761,-60.0000,-48.1761
3250,37.1761,-60.0000,-48.1761
3260,37.5384,-60.0000,-48.5384
3270,38.1603,-60.0000,-49.1603
3280,38.7833,-60.0000,-49.7833
3290,39.4063,-60.0000,-50.4063
3300,40.0293,-60.0000,-51.0293
3310,40.3378,-60.0000,-51.8318
3320,40.7470,-60.0000,-52.5886
3330,41.2368,-60.0000,-53.3034
3340,41.4234,-60.0000,-54.1620
3350,41.4647,-60.0000,-55.0405
3360,41.4780,-60.0000,-55.9209
3370,41.8470,-60.0000,-56.6772
3380,42.2351,-60.0000,-57.1670
3390,42.2351,-60.0000,-57.1704
3400,42.2351,-60.0000,-57.1704
3410,42.2351,-60.0000,-57.1704
3420,42.2351,-60.0000,-57.1704
3430,42.2351,-60.0000,-57.1704
3440,42.2351,-60.0000,-57.1704
3450,42.2351,-60.0000,-57.1704
3460,42.2351,-60.0000,-57.1704
3470,42.2351,-60.0000,-57.1704
3480,42.2351,-60.0000,-57.1704
3490,42.2351,-60.0000,-57.1704
3500,42.2351,-60.0000,-57.1704
3510,42.2351,-60.0000,-57.1704
3520,42.2351,-60.0000,-57.1704
3530,42.2351,-60.0000,-57.1704
3540,42.2351,-60.0000,-57.1704
3550,42.2351,-60.0000,-57.1704
3560,42.2351,-60.0000,-57.1704
3570,42.2351,-60.0000,-57.1704
3580,42.2351,-60.0000,-57.1704
3590,42.2351,-60.0000,-57.1704
3600,42.2351,-60.0000,-57.1704
3610,42.4150,-60.0000,-56.7083
3620,42.4724,-60.0000,-55.8324
3630,42.4829,-60.0000,-54.9517
3640,42.4894,-60.0000,-54.0708
3650,42.8560,-60.0000,-53.3138
3660,43.2435,-60.0000,-52.8234
3670,43.2435,-60.0000,-52.8201
3680,42.9061,-60.0000,-52.2211
3690,42.4008,-60.0000,-51.5060
3700,41.8122,-60.0000,-50.8504
3710,41.1994,-60.0000,-50.2175
3720,40.5821,-60.0000,-49.5888
3730,39.9611,-60.0000,-48.9639
3740,39.3389,-60.0000,-48.3401
3750,38.7163,-60.0000,-47.7167
3760,38.0934,-60.0000,-47.0936
3770,37.4705,-60.0000,-46.4705
3780,36.8475,-60.0000,-45.8475
3790,36.2245,-60.0000,-45.2245
3800,35.8417,-60.0000,-44.8417
3810,35.8417,-60.0000,-44.8417
3820,35.4794,-60.0000,-44.4794
3830,34.8575,-60.0000,-43.8575
3840,34.2345,-60.0000,-43.2345
3850,33.6115,-60.0000,-42.6115
3860,32.9885,-60.0000,-41.9885
3870,32.3655,-60.0000,-41.3655
3880,31.8181,-60.0000,-40.6979
3890,31.5741,-60.0000,-39.8568
3900,31.0419,-60.0000,-39.1609
3910,30.7573,-60.0000,-38.8104
3920,30.7573,-60.0000,-38.8104
3930,30.7573,-60.0000,-38.8104
3940,30.7573,-60.0000,-38.8104
3950,30.7573,-60.0000,-38.8104
3960,30.7573,-60.0000,-38.8104
3970,30.7573,-60.0000,-38.8104
3980,30.7573,-60.0000,-38.8104
3990,30.7573,-60.0000,-38.8104
4000,30.7573,-60.0000,-38.8104
4010,30.7573,-60.0000,-38.8104
4020,31.1149,-60.0000,-39.0661
4030,31.7241,-60.0000,-39.6989
4040,32.3391,-60.0000,-40.3297
4050,32.9595,-60.0000,-40.9553
4060,33.7371,-60.0000,-41.3093
4070,34.5107,-60.0000,-41.6866
4080,35.1129,-60.0000,-42.1807
4090,35.1333,-60.0000,-42.1948
4100,35.1333,-60.0000,-42.1948
4110,35.1333,-60.0000,-42.1948
4120,35.1333,-60.0000,-42.1948
4130,35.2898,-60.0000,-42.1152
4140,36.0599,-60.0000,-41.7238
4150,36.7393,-60.0000,-41.1672
4160,37.3907,-60.0000,-40.5743
4170,38.0237,-60.0000,-39.9616
4180,38.6508,-60.0000,-39.3427
4190,39.1988,-60.0000,-38.6767
4200,39.4138,-60.0000,-37.8255
4210,39.4658,-60.0000,-36.9476
4220,39.9351,-60.0000,-36.2250
4230,40.2108,-60.0000,-35.8674
4240,40.2108,-60.0000,-35.8674
4250,40.2468,-60.0000,-35.8851
4260,40.9859,-60.0000,-36.2477
4270,41.6794,-60.0000,-36.7828
4280,42.3343,-60.0000,-37.3718
4290,42.9676,-60.0000,-37.9844
4300,43.3205,-60.0000,-38.7605
4310,43.4538,-60.0000,-39.6277
4320,43.6702,-60.0000,-40.4394
4330,44.1862,-60.0000,-41.1022
4340,44.2162,-60.0000,-41.1436
4350,44.2162,-60.0000,-41.1436
4360,44.2162,-60.0000,-41.1436
4370,44.2162,-60.0000,-41.1436
4380,44.2162,-60.0000,-41.1436
4390,44.2162,-60.0000,-41.1436
4400,44.2162,-60.0000,-41.1436
4410,44.2162,-60.0000,-41.1436
4420,44.2162,-60.0000,-41.1436
4430,44.2162,-60.0000,-41.1436
4440,44.2162,-60.0000,-41.1436
4450,44.2162,-60.0000,-41.1436
4460,44.2162,-60.0000,-41.1436
4470,44.2162,-60.0000,-41.1436
4480,44.2162,-60.0000,-41.1436
4490,44.2162,-60.0000,-41.1436
4500,44.2162,-60.0000,-41.1436
4510,44.2162,-60.0000,-41.1436
4520,44.2162,-60.0000,-41.1436
4530,44.2162,-60.0000,-41.1436
4540,44.2162,-60.0000,-41.1436
4550,44.2162,-60.0000,-41.1436
4560,44.2162,-60.0000,-41.1436
4570,44.2162,-60.0000,-41.1436
4580,44.2162,-60.0000,-41.1436
4590,44.2162,-60.0000,-41.1436
4600,44.2162,-60.0000,-41.1436
4610,44.2162,-60.0000,-41.1436
4620,44.2162,-60.0000,-41.1436
4630,44.2162,-60.0000,-41.1436
4640,44.2162,-60.0000,-41.1436
4650,44.2162,-60.0000,-41.1436
4660,44.2162,-60.0000,-41.1436
4670,44.2162,-60.0000,-41.1436
4680,44.2162,-60.0000,-41.1436
4690,44.2162,-60.0000,-41.1436
4700,44.2162,-60.0000,-41.1436
4710,44.2162,-60.0000,-41.1436
4720,44.2162,-60.0000,-41.1436
4730,44.2162,-60.0000,-41.1436
4740,44.1848,-60.0000,-41.1683
4750,43.7890,-60.0000,-40.8219
4760,43.7890,-60.0000,-40.8189
4770,43.7890,-60.0000,-40.8189
4780,43.7890,-60.0000,-40.8189
4790,43.7890,-60.0000,-40.8189
4800,43.7890,-60.0000,-40.8189
4810,43.7890,-60.0000,-40.8189
4820,43.7890,-60.0000,-40.8189
4830,43.7890,-60.0000,-40.8189
4840,43.7890,-60.0000,-40.8189
4850,43.7890,-60.0000,-40.8189
4860,43.7890,-60.0000,-40.8189
4870,43.7890,-60.0000,-40.8189
4880,43.7890,-60.0000,-40.8189
4890,43.7890,-60.0000,-40.8189
4900,43.7890,-60.0000,-40.8189
4910,43.7890,-60.0000,-40.8189
4920,43.7890,-60.0000,-40.8189
4930,43.7890,-60.0000,-40.8189
4940,43.7890,-60.0000,-40.8189
4950,43.7890,-60.0000,-40.8189
4960,43.7890,-60.0000,-40.8189
4970,43.7890,-60.0000,-40.8189
4980,43.7890,-60.0000,-40.8189
4990,43.7890,-60.0000,-40.8189
5000,43.7890,-60.0000,-40.8189
5010,43.7890,-60.0000,-40.8189
5020,43.2917,-60.0000,-40.6958
5030,42.4285,-60.0000,-40.5465
5040,41.5486,-60.0000,-40.5264
5050,40.6999,-60.0000,-40.6189
5060,39.9889,-60.0000,-41.1335
5070,39.1591,-60.0000,-41.3805
5080,38.2846,-60.0000,-41.4623
5090,37.4043,-60.0000,-41.4763
5100,36.5762,-60.0000,-41.6393
5110,35.8877,-60.0000,-42.1857
5120,35.8093,-60.0000,-42.2464
5130,35.8093,-60.0000,-42.2464
5140,35.8093,-60.0000,-42.2464
5150,35.8093,-60.0000,-42.2464
5160,35.8093,-60.0000,-42.2464
5170,35.8093,-60.0000,-42.2464
5180,35.8093,-60.0000,-42.2464
5190,35.8093,-60.0000,-42.2464
5200,35.8093,-60.0000,-42.2464
5210,35.8093,-60.0000,-42.2464
5220,35.8093,-60.0000,-42.2464
5230,35.8093,-60.0000,-42.2464
5240,35.8093,-60.0000,-42.2464
5250,35.8093,-60.0000,-42.2464
5260,35.8093,-60.0000,-42.2464
5270,35.8093,-60.0000,-42.2464
5280,35.8093,-60.0000,-42.2464
5290,35.8093,-60.0000,-42.2464
5300,35.8093,-60.0000,-42.2464
5310,35.8093,-60.0000,-42.2464
5320,35.8093,-60.0000,-42.2464
5330,35.8093,-60.0000,-42.2464
5340,35.8093,-60.0000,-42.2464
5350,35.8093,-60.0000,-42.2464
5360,35.8093,-60.0000,-42.2464
5370,35.8093,-60.0000,-42.2464
5380,35.8093,-60.0000,-42.2464
5390,35.8093,-60.0000,-42.2464
5400,35.8093,-60.0000,-42.2464
5410,35.8093,-60.0000,-42.2464
5420,35.8093,-60.0000,-42.2464
5430,35.8093,-60.0000,-42.2464
5440,35.8093,-60.0000,-42.2464
5450,35.8093,-60.0000,-42.2464
5460,35.8093,-60.0000,-42.2464
5470,35.8093,-60.0000,-42.2464
5480,35.8093,-60.0000,-42.2464
5490,35.8093,-60.0000,-42.2464
5500,35.8093,-60.0000,-42.2464
5510,35.8093,-60.0000,-42.2464
5520,35.8093,-60.0000,-42.2464
5530,35.8093,-60.0000,-42.2464
5540,35.8093,-60.0000,-42.2464
5550,35.8093,-60.0000,-42.2464
5560,35.8093,-60.0000,-42.2464
5570,35.8093,-60.0000,-42.2464
5580,35.8093,-60.0000,-42.2464
5590,35.8093,-60.0000,-42.2464
5600,35.8093,-60.0000,-42.2464
5610,35.8093,-60.0000,-42.2464
5620,35.8093,-60.0000,-42.2464
5630,35.3128,-60.0000,-42.7219
5640,34.6795,-60.0000,-43.3337
5650,34.0529,-60.0000,-43.9531
5660,33.4282,-60.0000,-44.5744
5670,32.8044,-60.0000,-45.1966
5680,32.1811,-60.0000,-45.8193
5690,31.5580,-60.0000,-46.4422
5700,30.9349,-60.0000,-47.0651
5710,30.8636,-60.0000,-47.1364
5720,30.8636,-60.0000,-47.1364
5730,30.8636,-60.0000,-47.1364
5740,30.8636,-60.0000,-47.1364
5750,30.8636,-60.0000,-47.1364
5760,31.2502,-60.0000,-46.6770
5770,31.8913,-60.0000,-46.0739
5780,32.5246,-60.0000,-45.4615
5790,33.1520,-60.0000,-44.8429
5800,33.7763,-60.0000,-44.2212
5810,34.4001,-60.0000,-43.5990
5820,35.0234,-60.0000,-42.9763
5830,35.1570,-60.0000,-42.8427
5840,35.1853,-60.0000,-42.8145
5850,35.7676,-60.0000,-42.2323
5860,36.3905,-60.0000,-41.6095
5870,37.0135,-60.0000,-40.9865
5880,37.6365,-60.0000,-40.3635
5890,38.2595,-60.0000,-39.7405
5900,38.8825,-60.0000,-39.1175
5910,39.5055,-60.0000,-38.4945
5920,40.1285,-60.0000,-37.8715
5930,40.7515,-60.0000,-37.2485
5940,41.3745,-60.0000,-36.6255
5950,41.9975,-60.0000,-36.0025
5960,42.6205,-60.0000,-35.3795
5970,43.2436,-60.0000,-34.7565
5980,43.8666,-60.0000,-34.1335
5990,44.4896,-60.0000,-33.5105
6000,45.0843,-60.0000,-32.9157
6010,45.1215,-60.0000,-32.8785
6020,45.1215,-60.0000,-32.8785
6030,45.1215,-60.0000,-32.8785
6040,45.1215,-60.0000,-32.8785
6050,45.1215,-60.0000,-32.8785
6060,45.1215,-60.0000,-32.8785
6070,45.1215,-60.0000,-32.8785
6080,45.1215,-60.0000,-32.8785
6090,45.1215,-60.0000,-32.8785
6100,45.1215,-60.0000,-32.8785
6110,45.1215,-60.0000,-32.8785
6120,45.1215,-60.0000,-32.8785
6130,45.1215,-60.0000,-32.8785
6140,45.1215,-60.0000,-32.8785
6150,45.1215,-60.0000,-32.8785
6160,45.1215,-60.0000,-32.8785
6170,45.1215,-60.0000,-32.8785
6180,45.1215,-60.0000,-32.8785
6190,45.1215,-60.0000,-32.8785
6200,45.1215,-60.0000,-32.8785
6210,45.1215,-60.0000,-32.8785
6220,45.1215,-60.0000,-32.8785
6230,45.1215,-60.0000,-32.8785
6240,45.1215,-60.0000,-32.8785
6250,45.1215,-60.0000,-32.8785
6260,45.1215,-60.0000,-32.8785
6270,45.1215,-60.0000,-32.8785
6280,45.1215,-60.0000,-32.8785
6290,45.1215,-60.0000,-32.8785
6300,45.1215,-60.0000,-32.8785
6310,45.1215,-60.0000,-32.8785
6320,45.1215,-60.0000,-32.8785
6330,45.1215,-60.0000,-32.8785
6340,45.1215,-60.0000,-32.8785
6350,45.1215,-60.0000,-32.8785
6360,45.1215,-60.0000,-32.8785
6370,45.1215,-60.0000,-32.8785
6380,45.1215,-60.0000,-32.8785
6390,45.1215,-60.0000,-32.8785
6400,45.1215,-60.0000,-32.8785
6410,45.1051,-60.0000,-32.8420
6420,44.7667,-60.0000,-32.0914
6430,44.5806,-60.0000,-31.2395
6440,44.5267,-60.0000,-30.3614
6450,44.3160,-60.0000,-29.5484
6460,43.8017,-60.0000,-28.8844
6470,43.7718,-60.0000,-28.8429
6480,43.7718,-60.0000,-28.8429
6490,43.7718,-60.0000,-28.8429
6500,43.7718,-60.0000,-28.8429
6510,43.7718,-60.0000,-28.8429
6520,43.7718,-60.0000,-28.8429
6530,43.7718,-60.0000,-28.8429
6540,43.7718,-60.0000,-28.8429
6550,43.7363,-60.0000,-28.8613
6560,43.0048,-60.0000,-29.2392
6570,42.3153,-60.0000,-29.7804
6580,41.6626,-60.0000,-30.3719
6590,41.0301,-60.0000,-30.9852
6600,40.4026,-60.0000,-31.6037
6610,39.7776,-60.0000,-32.2247
6620,39.1540,-60.0000,-32.8471
6630,38.5306,-60.0000,-33.4697
6640,37.9075,-60.0000,-34.0926
6650,37.2844,-60.0000,-34.7155
6660,36.6614,-60.0000,-35.3385
6670,36.0384,-60.0000,-35.9615
6680,35.4154,-60.0000,-36.5845
6690,34.8644,-60.0000,-37.1355
6700,34.8457,-60.0000,-37.1542
6710,34.8457,-60.0000,-37.1542
6720,34.8457,-60.0000,-37.1542
6730,34.8457,-60.0000,-37.1542
6740,34.8457,-60.0000,-37.1542
6750,34.8457,-60.0000,-37.1542
6760,34.8457,-60.0000,-37.1542
6770,34.8457,-60.0000,-37.1542
6780,34.8457,-60.0000,-37.1542
6790,34.8457,-60.0000,-37.1542
6800,34.8457,-60.0000,-37.1542
6810,34.8457,-60.0000,-37.1542
6820,34.8457,-60.0000,-37.1542
6830,34.8457,-60.0000,-37.1542
6840,34.8457,-60.0000,-37.1542
6850,34.8457,-60.0000,-37.1542
6860,34.8457,-60.0000,-37.1542
6870,34.8457,-60.0000,-37.1542
6880,34.8457,-60.0000,-37.1542
6890,34.8457,-60.0000,-37.1542
6900,34.8457,-60.0000,-37.1542
6910,34.8457,-60.0000,-37.1542
6920,34.8457,-60.0000,-37.1542
6930,34.8457,-60.0000,-37.1542
6940,34.8457,-60.0000,-37.1542
6950,34.8457,-60.0000,-37.1542
6960,34.8457,-60.0000,-37.1542
6970,34.8457,-60.0000,-37.1542
6980,34.8457,-60.0000,-37.1542
6990,34.8457,-60.0000,-37.1542
7000,34.8457,-60.0000,-37.1542
7010,34.8457,-60.0000,-37.1542
7020,34.8457,-60.0000,-37.1542
7030,34.8457,-60.0000,-37.1542
7040,34.8457,-60.0000,-37.1542
7050,34.8457,-60.0000,-37.1542
7060,34.8457,-60.0000,-37.1542
7070,34.8457,-60.0000,-37.1542
7080,34.8457,-60.0000,-37.1542
7090,34.8457,-60.0000,-37.1542
7100,34.8457,-60.0000,-37.1542
7110,34.8457,-60.0000,-37.1542
7120,34.8457,-60.0000,-37.1542
7130,34.8457,-60.0000,-37.1542
7140,34.8457,-60.0000,-37.1542
7150,34.8457,-60.0000,-37.1542
7160,34.8457,-60.0000,-37.1542
7170,34.8457,-60.0000,-37.1542
7180,34.8457,-60.0000,-37.1542
7190,34.8457,-60.0000,-37.1542
7200,34.8457,-60.0000,-37.1542
7210,34.8457,-60.0000,-37.1542
7220,34.8457,-60.0000,-37.1542
7230,34.8457,-60.0000,-37.1542
7240,34.8457,-60.0000,-37.1542
7250,34.8457,-60.0000,-37.1542
7260,34.8457,-60.0000,-37.1542
7270,34.8457,-60.0000,-37.1542
7280,34.8457,-60.0000,-37.1542
7290,34.8457,-60.0000,-37.1542
7300,34.8457,-60.0000,-37.1542
7310,34.8457,-60.0000,-37.1542
7320,34.8457,-60.0000,-37.1542
7330,34.8457,-60.0000,-37.1542
7340,34.8457,-60.0000,-37.1542
7350,34.8457,-60.0000,-37.1542
7360,34.8457,-60.0000,-37.1542
7370,34.8457,-60.0000,-37.1542
7380,34.8457,-60.0000,-37.1542
7390,34.8457,-60.0000,-37.1542
7400,34.8457,-60.0000,-37.1542
7410,34.8457,-60.0000,-37.1542
7420,34.8457,-60.0000,-37.1542
7430,34.8457,-60.0000,-37.1542
7440,34.8457,-60.0000,-37.1542
7450,34.8457,-60.0000,-37.1542
7460,34.8457,-60.0000,-37.1542
7470,34.8457,-60.0000,-37.1542
7480,34.8457,-60.0000,-37.1542
7490,34.8457,-60.0000,-37.1542
7500,34.8457,-60.0000,-37.1542
7510,34.8457,-60.0000,-37.1542
7520,34.8457,-60.0000,-37.1542
7530,34.8457,-60.0000,-37.1542
7540,34.8457,-60.0000,-37.1542
7550,35.1854,-60.0000,-36.8942
7560,35.7849,-60.0000,-36.2528
7570,36.4845,-60.0000,-35.7673
7580,37.3406,-60.0000,-35.5737
7590,38.2194,-60.0000,-35.5312
7600,39.1000,-60.0000,-35.5187
7610,39.8180,-60.0000,-35.0433
7620,40.1726,-60.0000,-34.7638
7630,40.1726,-60.0000,-34.7638
7640,40.1726,-60.0000,-34.7638
7650,40.3238,-60.0000,-35.0653
7660,40.4442,-60.0000,-35.9287
7670,40.4777,-60.0000,-36.8082
7680,40.4859,-60.0000,-37.6890
7690,40.4900,-60.0000,-38.2303
7700,40.4900,-60.0000,-38.2303
7710,40.4900,-60.0000,-38.2303
7720,40.4900,-60.0000,-38.2303
7730,40.4900,-60.0000,-38.2303
7740,40.4900,-60.0000,-38.2303
7750,40.4900,-60.0000,-38.2303
7760,40.4900,-60.0000,-38.2303
7770,40.4900,-60.0000,-38.2303
7780,40.7014,-60.0000,-38.4961
7790,41.2493,-60.0000,-39.1794
7800,41.8526,-60.0000,-39.8212
7810,42.4659,-60.0000,-40.4537
7820,43.0852,-60.0000,-41.0804
7830,43.7069,-60.0000,-41.7047
7840,44.3292,-60.0000,-42.3284
7850,44.9520,-60.0000,-42.9516
7860,45.7300,-60.0000,-43.3060
7870,46.5961,-60.0000,-43.4461
7880,47.4757,-60.0000,-43.4717
7890,48.3217,-60.0000,-43.5858
7900,49.0187,-60.0000,-44.1187
7910,49.1668,-60.0000,-44.2334
7920,49.1668,-60.0000,-44.2334
7930,49.0850,-60.0000,-44.3887
7940,48.6752,-60.0000,-45.1481
7950,48.1045,-60.0000,-45.8173
7960,47.8069,-60.0000,-46.1566
7970,47.8069,-60.0000,-46.1566
7980,47.8069,-60.0000,-46.1566
7990,47.8069,-60.0000,-46.1566
8000,47.8069,-60.0000,-46.1566
8010,47.8069,-60.0000,-46.1566
8020,47.8069,-60.0000,-46.1566
8030,47.8069,-60.0000,-46.1566
8040,47.5033,-60.0000,-46.0041
8050,46.7348,-60.0000,-45.5898
8060,46.0717,-60.0000,-45.0112
8070,45.4317,-60.0000,-44.4059
8080,44.8007,-60.0000,-43.7910
8090,44.1753,-60.0000,-43.1705
8100,43.5508,-60.0000,-42.5489
8110,42.9273,-60.0000,-41.9265
8120,42.3041,-60.0000,-41.3036
8130,41.6810,-60.0000,-40.6807
8140,41.0579,-60.0000,-40.0578
8150,40.4349,-60.0000,-39.4348
8160,39.8839,-60.0000,-38.8838
8170,39.8652,-60.0000,-38.8651
8180,39.2419,-60.0000,-39.1550
8190,38.5062,-60.0000,-39.6239
8200,37.8428,-60.0000,-40.2035
8210,37.2077,-60.0000,-40.8140
8220,36.5778,-60.0000,-41.4300
8230,35.9525,-60.0000,-42.0507
8240,35.1476,-60.0000,-42.3510
8250,34.3910,-60.0000,-42.7574
8260,33.8489,-60.0000,-43.2085
8270,33.8396,-60.0000,-43.2135
8280,33.8396,-60.0000,-43.2135
8290,33.8396,-60.0000,-43.2135
8300,33.8396,-60.0000,-43.2135
8310,33.8651,-60.0000,-43.0857
8320,34.5837,-60.0000,-42.6935
8330,35.3951,-60.0000,-42.4043
8340,36.0777,-60.0000,-41.8490
8350,36.1555,-60.0000,-41.7875
8360,36.1555,-60.0000,-41.7875
8370,36.1555,-60.0000,-41.7875
8380,36.2823,-60.0000,-41.6660
8390,36.9062,-60.0000,-41.0686
8400,37.1699,-60.0000,-40.8190
8410,37.1699,-60.0000,-40.8190
8420,37.1699,-60.0000,-40.8190
8430,37.1699,-60.0000,-40.8190
8440,37.8384,-60.0000,-40.6587
8450,38.7080,-60.0000,-40.5452
8460,39.5879,-60.0000,-40.5286
8470,40.2127,-60.0000,-40.5196
8480,40.2170,-60.0000,-40.5196
8490,40.2170,-60.0000,-40.5196
8500,40.2170,-60.0000,-40.5196
8510,40.2170,-60.0000,-40.5196
8520,40.2170,-60.0000,-40.5196
8530,40.2170,-60.0000,-40.5196
8540,40.2170,-60.0000,-40.5196
8550,40.2170,-60.0000,-40.5196
8560,40.2170,-60.0000,-40.5196
8570,40.2170,-60.0000,-40.5196
8580,40.2170,-60.0000,-40.5196
8590,40.2170,-60.0000,-40.5196
8600,40.2170,-60.0000,-40.5196
8610,40.2170,-60.0000,-40.5196
8620,40.2170,-60.0000,-40.5196
8630,40.2170,-60.0000,-40.5196
8640,40.2170,-60.0000,-40.5196
8650,40.2170,-60.0000,-40.5196
8660,40.2170,-60.0000,-40.5196
8670,40.2170,-60.0000,-40.5196
8680,40.2170,-60.0000,-40.5196
8690,40.2170,-60.0000,-40.5196
8700,40.2170,-60.0000,-40.5196
8710,40.2170,-60.0000,-40.5196
8720,40.2170,-60.0000,-40.5196
8730,40.2170,-60.0000,-40.5196
8740,40.2170,-60.0000,-40.5196
8750,40.2170,-60.0000,-40.5196
8760,40.2170,-60.0000,-40.5196
8770,40.2170,-60.0000,-40.5196
8780,40.2170,-60.0000,-40.5196
8790,40.2170,-60.0000,-40.5196
8800,40.2170,-60.0000,-40.5196
8810,40.2170,-60.0000,-40.5196
8820,40.2170,-60.0000,-40.5196
8830,40.2170,-60.0000,-40.5196
8840,40.2170,-60.0000,-40.5196
8850,40.2170,-60.0000,-40.5196
8860,40.2170,-60.0000,-40.5196
8870,40.2170,-60.0000,-40.5196
8880,40.2170,-60.0000,-40.5196
8890,40.2170,-60.0000,-40.5196
8900,39.9590,-60.0000,-40.0932
8910,39.3833,-60.0000,-39.4300
8920,38.8200,-60.0000,-38.7667
8930,38.5981,-60.0000,-37.9183
8940,38.5390,-60.0000,-37.0415
8950,38.1575,-60.0000,-36.2933
8960,37.7590,-60.0000,-35.8118
8970,37.7590,-60.0000,-35.8085
8980,37.7590,-60.0000,-35.8085
8990,37.7590,-60.0000,-35.8085
9000,37.7590,-60.0000,-35.8085
9010,37.7590,-60.0000,-35.8085
9020,37.7590,-60.0000,-35.8085
9030,37.7590,-60.0000,-35.8085
9040,37.7590,-60.0000,-35.8085
9050,37.7590,-60.0000,-35.8085
9060,37.7590,-60.0000,-35.8085
9070,37.7590,-60.0000,-35.8085
9080,37.7590,-60.0000,-35.8085
9090,37.7590,-60.0000,-35.8085
9100,37.7590,-60.0000,-35.8085
9110,37.7590,-60.0000,-35.8085
9120,37.7590,-60.0000,-35.8085
9130,37.5855,-60.0000,-36.2737
9140,37.5287,-60.0000,-37.1497
9150,37.5180,-60.0000,-38.0304
9160,37.5113,-60.0000,-38.9113
9170,37.5071,-60.0000,-39.7923
9180,37.5058,-60.0000,-40.1574
9190,37.5058,-60.0000,-40.1574
9200,37.4451,-60.0000,-39.7330
9210,37.4660,-60.0000,-38.8561
9220,37.4785,-60.0000,-37.9756
9230,37.4865,-60.0000,-37.0948
9240,37.4915,-60.0000,-36.2138
9250,37.4946,-60.0000,-35.3328
9260,37.2928,-60.0000,-34.5193
9270,36.7786,-60.0000,-33.8551
9280,36.7488,-60.0000,-33.8136
9290,36.7488,-60.0000,-33.8136
9300,36.7488,-60.0000,-33.8136
9310,36.7488,-60.0000,-33.8136
9320,36.7488,-60.0000,-33.8136
9330,36.8786,-60.0000,-33.8403
9340,37.4756,-60.0000,-34.4467
9350,38.0898,-60.0000,-35.0783
9360,38.7097,-60.0000,-35.7043
9370,39.3310,-60.0000,-36.3290
9380,39.9535,-60.0000,-36.9526
9390,40.5762,-60.0000,-37.5759
9400,41.1271,-60.0000,-38.1270
9410,41.1458,-60.0000,-38.1457
9420,41.1458,-60.0000,-38.1457
9430,41.1458,-60.0000,-38.1457
9440,41.1458,-60.0000,-38.1457
9450,41.1458,-60.0000,-38.1457
9460,41.1458,-60.0000,-38.1457
9470,41.1458,-60.0000,-38.1457
9480,41.1458,-60.0000,-38.1457
9490,41.1458,-60.0000,-38.1457
9500,41.1458,-60.0000,-38.1457
9510,41.1458,-60.0000,-38.1457
9520,41.1458,-60.0000,-38.1457
9530,41.1458,-60.0000,-38.1457
9540,41.1458,-60.0000,-38.1457
9550,41.1458,-60.0000,-38.1457
9560,41.1458,-60.0000,-38.1457
9570,41.1458,-60.0000,-38.1457
9580,41.1458,-60.0000,-38.1457
9590,41.1458,-60.0000,-38.1457
9600,41.1458,-60.0000,-38.1457
9610,41.1458,-60.0000,-38.1457
9620,41.1458,-60.0000,-38.1457
9630,41.1458,-60.0000,-38.1457
9640,41.1458,-60.0000,-38.1457
9650,41.1458,-60.0000,-38.1457
9660,41.1458,-60.0000,-38.1457
9670,41.1458,-60.0000,-38.1457
9680,41.1819,-60.0000,-38.1285
9690,41.9251,-60.0000,-37.7742
9700,42.3211,-60.0000,-37.1610
9710,42.4523,-60.0000,-36.2951
9720,42.4740,-60.0000,-35.4151
9730,42.6371,-60.0000,-34.5866
9740,43.1811,-60.0000,-33.8962
9750,43.2416,-60.0000,-33.8176
9760,43.2416,-60.0000,-33.8176
9770,43.2416,-60.0000,-33.8176
9780,43.2416,-60.0000,-33.8176
9790,43.2416,-60.0000,-33.8176
9800,43.2416,-60.0000,-33.8176
9810,43.2416,-60.0000,-33.8176
9820,43.2416,-60.0000,-33.8176
9830,43.2416,-60.0000,-33.8176
9840,43.2416,-60.0000,-33.8176
9850,43.2416,-60.0000,-33.8176
9860,43.2416,-60.0000,-33.8176
9870,43.3317,-60.0000,-33.9604
9880,43.4584,-60.0000,-34.8060
9890,43.4757,-60.0000,-35.6861
9900,43.4854,-60.0000,-36.5668
9910,43.4911,-60.0000,-37.4477
9920,43.4944,-60.0000,-38.3288
9930,43.4967,-60.0000,-39.2098
9940,43.4980,-60.0000,-40.0909
9950,43.9665,-60.0000,-40.8143
9960,44.2420,-60.0000,-41.1721
9970,44.2420,-60.0000,-41.1721
9980,44.2420,-60.0000,-41.1721
9990,44.2420,-60.0000,-41.1721
10000,44.2420,-60.0000,-41.1721
10010,44.2420,-60.0000,-41.1721
10020,44.2420,-60.0000,-41.1721
10030,44.2420,-60.0000,-41.1721
10040,44.2420,-60.0000,-41.1721
10050,44.2420,-60.0000,-41.1721
10060,44.2420,-60.0000,-41.1721
10070,44.2420,-60.0000,-41.1721
10080,44.2735,-60.0000,-41.1475
10090,44.4488,-60.0000,-40.3608
10100,44.4725,-60.0000,-39.4812
10110,44.5889,-60.0000,-38.6368
10120,45.1327,-60.0000,-37.9484
10130,45.3699,-60.0000,-37.1102
10140,45.4571,-60.0000,-36.2364
10150,45.4739,-60.0000,-35.3564
10160,45.6849,-60.0000,-34.5437
10170,46.2004,-60.0000,-33.8806
10180,46.2303,-60.0000,-33.8391
10190,46.2303,-60.0000,-33.8391
10200,46.2303,-60.0000,-33.8391
10210,46.2303,-60.0000,-33.8391
10220,46.2303,-60.0000,-33.8391
10230,46.2303,-60.0000,-33.8391
10240,46.2303,-60.0000,-33.8391
10250,46.2303,-60.0000,-33.8391
10260,46.2303,-60.0000,-33.8391
10270,46.2303,-60.0000,-33.8391
10280,46.2303,-60.0000,-33.8391
10290,46.2303,-60.0000,-33.8391
10300,46.2303,-60.0000,-33.8391
10310,46.2303,-60.0000,-33.8391
10320,46.2303,-60.0000,-33.8391
10330,46.2303,-60.0000,-33.8391
10340,46.2303,-60.0000,-33.8391
10350,46.2303,-60.0000,-33.8391
10360,46.2303,-60.0000,-33.8391
10370,46.3511,-60.0000,-33.7117
10380,46.9455,-60.0000,-33.0849
10390,47.5591,-60.0000,-32.4527
10400,48.1783,-60.0000,-31.8259
10410,48.8002,-60.0000,-31.2018
10420,49.5114,-60.0000,-30.7336
10430,50.3720,-60.0000,-30.5593
10440,51.2514,-60.0000,-30.5317
10450,52.1319,-60.0000,-30.5186
10460,52.8442,-60.0000,-30.0358
10470,53.1953,-60.0000,-29.7520
10480,53.1953,-60.0000,-29.7520
10490,53.1953,-60.0000,-29.7520
10500,53.1953,-60.0000,-29.7520
10510,53.1953,-60.0000,-29.7520
10520,53.1953,-60.0000,-29.7520
10530,53.2300,-60.0000,-29.7719
10540,53.9442,-60.0000,-30.1814
10550,54.3490,-60.0000,-30.8989
10560,54.4571,-60.0000,-31.7697
10570,54.7308,-60.0000,-32.5586
10580,55.2225,-60.0000,-33.1623
10590,55.2366,-60.0000,-33.1827
10600,55.2366,-60.0000,-33.1827
10610,55.2366,-60.0000,-33.1827
10620,55.2366,-60.0000,-33.1827
10630,55.2366,-60.0000,-33.1827
10640,55.2366,-60.0000,-33.1827
10650,55.2366,-60.0000,-33.1827
10660,55.2366,-60.0000,-33.1827
10670,55.2366,-60.0000,-33.1827
10680,55.2366,-60.0000,-33.1827
10690,55.2366,-60.0000,-33.1827
10700,55.2366,-60.0000,-33.1827
10710,55.2366,-60.0000,-33.1827
10720,55.2366,-60.0000,-33.1827
10730,55.2366,-60.0000,-33.1827
10740,55.2366,-60.0000,-33.1827
10750,55.2366,-60.0000,-33.1827
10760,55.2366,-60.0000,-33.1827
10770,55.2366,-60.0000,-33.1827
10780,55.2366,-60.0000,-33.1827
10790,55.2366,-60.0000,-33.1827
10800,55.2366,-60.0000,-33.1827
10810,55.2366,-60.0000,-33.1827
10820,55.2366,-60.0000,-33.1827
10830,55.2366,-60.0000,-33.1827
10840,55.2366,-60.0000,-33.1827
10850,55.2366,-60.0000,-33.1827
10860,55.2366,-60.0000,-33.1827
10870,55.2366,-60.0000,-33.1827
10880,55.2366,-60.0000,-33.1827
10890,55.2366,-60.0000,-33.1827
10900,55.2366,-60.0000,-33.1827
10910,55.2643,-60.0000,-33.2116
10920,55.8341,-60.0000,-33.8058
10930,56.4485,-60.0000,-34.4371
10940,57.0681,-60.0000,-35.0635
10950,57.6899,-60.0000,-35.6877
10960,58.3122,-60.0000,-36.3114
10970,58.9350,-60.0000,-36.9346
10980,59.5579,-60.0000,-37.5578
10990,60.1088,-60.0000,-38.1088
11000,59.6244,-60.0000,-37.8203
11010,58.7890,-60.0000,-37.5618
11020,58.1039,-60.0000,-37.0159
11030,57.8262,-60.0000,-36.7816
11040,57.8262,-60.0000,-36.7816
11050,57.9583,-60.0000,-37.0205
11060,58.5900,-60.0000,-37.6212
11070,59.2228,-60.0000,-38.2341
11080,59.8487,-60.0000,-38.8542
11090,60.4734,-60.0000,-39.4755
11100,61.0970,-60.0000,-40.0979
11110,61.7202,-60.0000,-40.7207
11120,62.2293,-60.0000,-41.4096
11130,62.4261,-60.0000,-42.2655
11140,62.4654,-60.0000,-43.1442
11150,62.4782,-60.0000,-44.0247
11160,62.9037,-60.0000,-44.7594
11170,63.2402,-60.0000,-45.1812
11180,63.2402,-60.0000,-45.1812
11190,63.2402,-60.0000,-45.1812
11200,63.2402,-60.0000,-45.1812
11210,63.2402,-60.0000,-45.1812
11220,63.2402,-60.0000,-45.1812
11230,63.2402,-60.0000,-45.1812
11240,63.2402,-60.0000,-45.1812
11250,63.2402,-60.0000,-45.1812
11260,63.2402,-60.0000,-45.1812
11270,63.3615,-60.0000,-45.3082
11280,63.9582,-60.0000,-45.9329
11290,64.5739,-60.0000,-46.5630
11300,65.1503,-60.0000,-47.2149
11310,65.3879,-60.0000,-48.0591
11320,65.4653,-60.0000,-48.9351
11330,65.4784,-60.0000,-49.8154
11340,65.7913,-60.0000,-50.5927
11350,66.2248,-60.0000,-51.1489
11360,66.2296,-60.0000,-51.1584
11370,66.2296,-60.0000,-51.1584
11380,66.2296,-60.0000,-51.1584
11390,66.2296,-60.0000,-51.1584
11400,66.3991,-60.0000,-50.6949
11410,66.4492,-60.0000,-49.8264
11420,65.9625,-60.0000,-49.1083
11430,65.6429,-60.0000,-48.3116
11440,65.5367,-60.0000,-47.4393
11450,65.5225,-60.0000,-46.5590
11460,65.4126,-60.0000,-45.7114
11470,64.8896,-60.0000,-45.0067
11480,64.7771,-60.0000,-44.8569
11490,64.7771,-60.0000,-44.8569
11500,64.7771,-60.0000,-44.8569
11510,64.7771,-60.0000,-44.8569
11520,64.7771,-60.0000,-44.8569
11530,64.7771,-60.0000,-44.8569
11540,64.7771,-60.0000,-44.8569
11550,64.7771,-60.0000,-44.8569
11560,64.7771,-60.0000,-44.8569
11570,64.7771,-60.0000,-44.8569
11580,64.7771,-60.0000,-44.8569
11590,64.7771,-60.0000,-44.8569
11600,64.7771,-60.0000,-44.8569
11610,64.7771,-60.0000,-44.8569
11620,64.7771,-60.0000,-44.8569
11630,64.7771,-60.0000,-44.8569
11640,64.7771,-60.0000,-44.8569
11650,64.7771,-60.0000,-44.8569
11660,64.7771,-60.0000,-44.8569
11670,64.7771,-60.0000,-44.8569
11680,64.7771,-60.0000,-44.8569
11690,64.7771,-60.0000,-44.8569
11700,64.7771,-60.0000,-44.8569
11710,64.7771,-60.0000,-44.8569
11720,64.7771,-60.0000,-44.8569
11730,65.1921,-60.0000,-45.1618
11740,65.2071,-60.0000,-45.1804
11750,65.2071,-60.0000,-45.1804
11760,65.2071,-60.0000,-45.1804
11770,65.2071,-60.0000,-45.1804
11780,65.2071,-60.0000,-45.1804
11790,65.2071,-60.0000,-45.1804
11800,65.2071,-60.0000,-45.1804
11810,65.2071,-60.0000,-45.1804
11820,65.2071,-60.0000,-45.1804
11830,65.2071,-60.0000,-45.1804
11840,65.2071,-60.0000,-45.1804
11850,65.2071,-60.0000,-45.1804
11860,65.2071,-60.0000,-45.1804
11870,65.2071,-60.0000,-45.1804
11880,65.2071,-60.0000,-45.1804
11890,65.2071,-60.0000,-45.1804
11900,65.2071,-60.0000,-45.1804
11910,65.2071,-60.0000,-45.1804
11920,65.2071,-60.0000,-45.1804
11930,65.2071,-60.0000,-45.1804
11940,65.8154,-60.0000,-44.8603
11950,66.5365,-60.0000,-44.3660
11960,67.1894,-60.0000,-43.7747
11970,67.8216,-60.0000,-43.1610
11980,68.4498,-60.0000,-42.5433
11990,69.0749,-60.0000,-41.9224
12000,69.6986,-60.0000,-41.3001
12010,70.3873,-60.0000,-40.7891
12020,71.2198,-60.0000,-40.5282
12030,71.9096,-60.0000,-39.9846
12040,72.1919,-60.0000,-39.7557
12050,72.1919,-60.0000,-39.7557
12060,72.1919,-60.0000,-39.7557
12070,72.0279,-60.0000,-39.4582
12080,71.5745,-60.0000,-38.7125
12090,70.9922,-60.0000,-38.0518
12100,70.3871,-60.0000,-37.4117
12110,69.7720,-60.0000,-36.7809
12120,69.1514,-60.0000,-36.1556
12130,68.5297,-60.0000,-35.5312
12140,67.9072,-60.0000,-34.9077
12150,67.2843,-60.0000,-34.2846
12160,66.7749,-60.0000,-33.5956
12170,66.5760,-60.0000,-32.7402
12180,66.5113,-60.0000,-31.8689
12190,66.0115,-60.0000,-31.1571
12200,65.7900,-60.0000,-30.8689
12210,65.5570,-60.0000,-30.6216
12220,64.9563,-60.0000,-29.9842
12230,64.3412,-60.0000,-29.3534
12240,63.7221,-60.0000,-28.7266
12250,63.1003,-60.0000,-28.1024
12260,62.4779,-60.0000,-27.4787
12270,61.8552,-60.0000,-26.8555
12280,61.2323,-60.0000,-26.2324
12290,60.6093,-60.0000,-25.6093
12300,59.9863,-60.0000,-24.9863
12310,59.6725,-60.0000,-24.1852
12320,59.5485,-60.0000,-23.3165
12330,59.3230,-60.0000,-22.5089
12340,58.7936,-60.0000,-21.8569
12350,58.7629,-60.0000,-21.8161
12360,59.0988,-60.0000,-21.2164
12370,59.7295,-60.0000,-20.7001
12380,60.5013,-60.0000,-20.3179
12390,61.1523,-60.0000,-19.7857
12400,61.1930,-60.0000,-19.7550
12410,61.1930,-60.0000,-19.7550
12420,61.1930,-60.0000,-19.7550
12430,61.1930,-60.0000,-19.7550
12440,61.1930,-60.0000,-19.7550
12450,61.1930,-60.0000,-19.7550
12460,61.1930,-60.0000,-19.7550
12470,61.1930,-60.0000,-19.7550
12480,61.1930,-60.0000,-19.7550
12490,61.1930,-60.0000,-19.7550
12500,61.1930,-60.0000,-19.7550
12510,60.8958,-60.0000,-19.6133
12520,60.0273,-60.0000,-19.5341
12530,59.1468,-60.0000,-19.5221
12540,58.3740,-60.0000,-19.2031
12550,57.6525,-60.0000,-18.7246
12560,56.7897,-60.0000,-18.5584
12570,55.9105,-60.0000,-18.5268
12580,55.0298,-60.0000,-18.5174
12590,54.2860,-60.0000,-18.1042
12600,53.8567,-60.0000,-17.7772
12610,53.8567,-60.0000,-17.7772
12620,54.1494,-60.0000,-17.6300
12630,55.0176,-60.0000,-17.5389
12640,55.8978,-60.0000,-17.5192
12650,56.7787,-60.0000,-17.5122
12660,57.6596,-60.0000,-17.5074
12670,58.5407,-60.0000,-17.5045
12680,59.3734,-60.0000,-17.6529
12690,60.0780,-60.0000,-18.1786
12700,60.1582,-60.0000,-18.2371
12710,60.1582,-60.0000,-18.2371
12720,60.1582,-60.0000,-18.2371
12730,60.1582,-60.0000,-18.2371
12740,60.1582,-60.0000,-18.2371
12750,60.1582,-60.0000,-18.2371
12760,60.1582,-60.0000,-18.2371
12770,60.1582,-60.0000,-18.2371
12780,60.1582,-60.0000,-18.2371
12790,60.1582,-60.0000,-18.2371
12800,60.1582,-60.0000,-18.2371
12810,60.1582,-60.0000,-18.2371
12820,60.1582,-60.0000,-18.2371
12830,60.1582,-60.0000,-18.2371
12840,60.1582,-60.0000,-18.2371
12850,60.1582,-60.0000,-18.2371
12860,60.1582,-60.0000,-18.2371
12870,60.1582,-60.0000,-18.2371
12880,60.1582,-60.0000,-18.2371
12890,60.6072,-60.0000,-17.9904
12900,61.3465,-60.0000,-17.5218
12910,62.0067,-60.0000,-16.9387
12920,62.6448,-60.0000,-16.3313
12930,63.2753,-60.0000,-15.7160
12940,63.9006,-60.0000,-15.0953
12950,64.5249,-60.0000,-14.4736
12960,65.1484,-60.0000,-13.8511
12970,65.7715,-60.0000,-13.2282
12980,66.3946,-60.0000,-12.6053
12990,67.0177,-60.0000,-11.9823
13000,67.1513,-60.0000,-11.8488
13010,67.1513,-60.0000,-11.8488
13020,67.4572,-60.0000,-11.9965
13030,68.2317,-60.0000,-12.3992
13040,68.8996,-60.0000,-12.9721
13050,69.5445,-60.0000,-13.5721
13060,70.1758,-60.0000,-14.1866
13070,70.8015,-60.0000,-14.8069
13080,71.2420,-60.0000,-15.5368
13090,71.4369,-60.0000,-16.3929
13100,71.5282,-60.0000,-17.2518
13110,72.0561,-60.0000,-17.9488
13120,72.2271,-60.0000,-18.1646
13130,72.2271,-60.0000,-18.1646
13140,72.2271,-60.0000,-18.1646
13150,72.2271,-60.0000,-18.1646
13160,72.2271,-60.0000,-18.1646
13170,72.2271,-60.0000,-18.1646
13180,72.2271,-60.0000,-18.1646
13190,72.2271,-60.0000,-18.1646
13200,72.2271,-60.0000,-18.1646
13210,72.2271,-60.0000,-18.1646
13220,72.2271,-60.0000,-18.1646
13230,72.2271,-60.0000,-18.1646
13240,72.2271,-60.0000,-18.1646
13250,72.2271,-60.0000,-18.1646
13260,72.2271,-60.0000,-18.1646
13270,72.2271,-60.0000,-18.1646
13280,72.2271,-60.0000,-18.1646
13290,72.2080,-60.0000,-18.1997
13300,71.8142,-60.0000,-18.9228
13310,71.1045,-60.0000,-19.3389
13320,70.2349,-60.0000,-19.4537
13330,69.3549,-60.0000,-19.4832
13340,68.5415,-60.0000,-19.6909
13350,67.8770,-60.0000,-20.2047
13360,67.2295,-60.0000,-19.9085
13370,66.5133,-60.0000,-19.4046
13380,65.8569,-60.0000,-18.8170
13390,65.2237,-60.0000,-18.2045
13400,64.7474,-60.0000,-17.4989
13410,64.4669,-60.0000,-16.6779
13420,63.9125,-60.0000,-15.9954
13430,63.7944,-60.0000,-15.8502
13440,64.0353,-60.0000,-15.9818
13450,64.6383,-60.0000,-16.6114
13460,65.1778,-60.0000,-17.2867
13470,65.4071,-60.0000,-18.1350
13480,65.9309,-60.0000,-18.8320
13490,66.3175,-60.0000,-19.5944
13500,66.4548,-60.0000,-20.4623
13510,66.4721,-60.0000,-21.3422
13520,66.5070,-60.0000,-22.2149
13530,67.0217,-60.0000,-22.9151
13540,67.6631,-60.0000,-22.9098
13550,68.4063,-60.0000,-22.4518
13560,69.0714,-60.0000,-21.8742
13570,69.7086,-60.0000,-21.2659
13580,70.3396,-60.0000,-20.6510
13590,70.9652,-60.0000,-20.0306
13600,71.5894,-60.0000,-19.4089
13610,72.2130,-60.0000,-18.7864
13620,72.8362,-60.0000,-18.1636
13630,73.4593,-60.0000,-17.5407
13640,74.0823,-60.0000,-16.9177
13650,74.1536,-60.0000,-16.8464
13660,74.1536,-60.0000,-16.8464
13670,74.1536,-60.0000,-16.8464
13680,74.1536,-60.0000,-16.8464
13690,74.1536,-60.0000,-16.8464
13700,74.3116,-60.0000,-16.9231
13710,75.0887,-60.0000,-17.3004
13720,75.7682,-60.0000,-17.8560
13730,76.4186,-60.0000,-18.4499
13740,77.0508,-60.0000,-19.0636
13750,77.6770,-60.0000,-19.6834
13760,78.1208,-60.0000,-20.1237
13770,78.1238,-60.0000,-20.1267
13780,78.1238,-60.0000,-20.1267
13790,78.1238,-60.0000,-20.1267
13800,78.1238,-60.0000,-20.1267
13810,78.1238,-60.0000,-20.1267
13820,78.1238,-60.0000,-20.1267
13830,78.1238,-60.0000,-20.1267
13840,78.1238,-60.0000,-20.1267
13850,78.1238,-60.0000,-20.1267
13860,78.1238,-60.0000,-20.1267
13870,78.1238,-60.0000,-20.1267
13880,78.1238,-60.0000,-20.1267
13890,78.1238,-60.0000,-20.1267
13900,78.1238,-60.0000,-20.1267
13910,78.1238,-60.0000,-20.1267
13920,77.8650,-60.0000,-19.7851
13930,77.2247,-60.0000,-19.1843
13940,76.5891,-60.0000,-18.5742
13950,75.9618,-60.0000,-17.9555
13960,75.8273,-60.0000,-17.8228
13970,75.8273,-60.0000,-17.8228
13980,75.8273,-60.0000,-17.8228
13990,75.8273,-60.0000,-17.8228
14000,75.8273,-60.0000,-17.8228
14010,75.8273,-60.0000,-17.8228
14020,76.1389,-60.0000,-17.2101
14030,76.6256,-60.0000,-16.4844
14040,77.1935,-60.0000,-15.8166
14050,77.4046,-60.0000,-14.9685
14060,77.4645,-60.0000,-14.0922
14070,77.8356,-60.0000,-13.3365
14080,78.2792,-60.0000,-12.5969
14090,78.4406,-60.0000,-11.7329
14100,78.4685,-60.0000,-10.8535
14110,78.4802,-60.0000,-9.9729
14120,78.9056,-60.0000,-9.2382
14130,79.2421,-60.0000,-8.8164
14140,79.2421,-60.0000,-8.8164
14150,79.2421,-60.0000,-8.8164
14160,79.2421,-60.0000,-8.8164
14170,79.2421,-60.0000,-8.8164
14180,79.2421,-60.0000,-8.8164
14190,79.2421,-60.0000,-8.8164
14200,79.2421,-60.0000,-8.8164
14210,79.2421,-60.0000,-8.8164
14220,79.2421,-60.0000,-8.8164
14230,79.2421,-60.0000,-8.8164
14240,79.2421,-60.0000,-8.8164
14250,79.2421,-60.0000,-8.8164
14260,79.2421,-60.0000,-8.8164
14270,79.2421,-60.0000,-8.8164
14280,79.2421,-60.0000,-8.8164
14290,79.2421,-60.0000,-8.8164
14300,79.2421,-60.0000,-8.8164
14310,79.2421,-60.0000,-8.8164
14320,79.2421,-60.0000,-8.8164
14330,79.2698,-60.0000,-8.7875
14340,79.8386,-60.0000,-8.1923
14350,80.4522,-60.0000,-7.5602
14360,81.0715,-60.0000,-6.9336
14370,81.6932,-60.0000,-6.3093
14380,82.3155,-60.0000,-5.6855
14390,82.9382,-60.0000,-5.0623
14400,83.5611,-60.0000,-4.4392
14410,84.2096,-60.0000,-3.8589
14420,85.0524,-60.0000,-3.6166
14430,85.9282,-60.0000,-3.5366
14440,86.6829,-60.0000,-3.1512
14450,87.1720,-60.0000,-2.7620
14460,87.1753,-60.0000,-2.7620
14470,87.1753,-60.0000,-2.7620
14480,87.1753,-60.0000,-2.7620
14490,87.1753,-60.0000,-2.7620
14500,87.1753,-60.0000,-2.7620
14510,87.1753,-60.0000,-2.7620
14520,87.1753,-60.0000,-2.7620
14530,87.1753,-60.0000,-2.7620
14540,87.1753,-60.0000,-2.7620
14550,87.1753,-60.0000,-2.7620
14560,87.1753,-60.0000,-2.7620
14570,87.1753,-60.0000,-2.7620
14580,87.1753,-60.0000,-2.7620
14590,87.1753,-60.0000,-2.7620
14600,87.1753,-60.0000,-2.7620
14610,87.1753,-60.0000,-2.7620
14620,87.1753,-60.0000,-2.7620
14630,87.1753,-60.0000,-2.7620
14640,87.1753,-60.0000,-2.7620
14650,87.1753,-60.0000,-2.7620
14660,87.1504,-60.0000,-2.7308
14670,86.3639,-60.0000,-2.5532
14680,85.4842,-60.0000,-2.5241
14690,84.6035,-60.0000,-2.5142
14700,83.7225,-60.0000,-2.5086
14710,82.8415,-60.0000,-2.5053
14720,81.9605,-60.0000,-2.5033
14730,81.2246,-60.0000,-2.0806
14740,80.8707,-60.0000,-1.8002
14750,80.8707,-60.0000,-1.8002
14760,80.8707,-60.0000,-1.8002
14770,80.8707,-60.0000,-1.8002
14780,80.8707,-60.0000,-1.8002
14790,80.8707,-60.0000,-1.8002
14800,80.8707,-60.0000,-1.8002
14810,80.8707,-60.0000,-1.8002
14820,80.8707,-60.0000,-1.8002
14830,80.8707,-60.0000,-1.8002
14840,80.8707,-60.0000,-1.8002
14850,80.8707,-60.0000,-1.8002
14860,80.8707,-60.0000,-1.8002
14870,80.8707,-60.0000,-1.8002
14880,80.8707,-60.0000,-1.8002
14890,80.8707,-60.0000,-1.8002
14900,80.8707,-60.0000,-1.8002
14910,80.8707,-60.0000,-1.8002
14920,80.8707,-60.0000,-1.8002
14930,80.8707,-60.0000,-1.8002
14940,80.9472,-60.0000,-1.6421
14950,81.3319,-60.0000,-0.8700
14960,81.8953,-60.0000,-0.1950
14970,82.4896,-60.0000,0.4549
14980,83.1020,-60.0000,1.0884
14990,83.9259,-60.0000,1.3592
15000,84.7977,-60.0000,1.4566
15010,85.5737,-60.0000,1.7742
15020,86.1293,-60.0000,2.2085
15030,86.1388,-60.0000,2.2133
15040,86.1388,-60.0000,2.2133
15050,86.1388,-60.0000,2.2133
15060,86.1388,-60.0000,2.2133
15070,86.1388,-60.0000,2.2133
15080,86.1388,-60.0000,2.2133
15090,86.1388,-60.0000,2.2133
15100,86.1388,-60.0000,2.2133
15110,86.1388,-60.0000,2.2133
15120,86.1388,-60.0000,2.2133
15130,86.1388,-60.0000,2.2133
15140,86.1388,-60.0000,2.2133
15150,86.1388,-60.0000,2.2133
15160,86.1388,-60.0000,2.2133
15170,86.1210,-60.0000,2.2492
15180,85.7549,-60.0000,2.9866
15190,85.2186,-60.0000,3.6794
15200,84.8069,-60.0000,4.1498
15210,84.8069,-60.0000,4.1530
15220,84.8069,-60.0000,4.1530
15230,84.8069,-60.0000,4.1530
15240,84.8069,-60.0000,4.1530
15250,85.1214,-60.0000,4.7643
15260,85.6091,-60.0000,5.4898
15270,86.1928,-60.0000,6.1496
15280,86.8043,-60.0000,6.7838
15290,87.1785,-60.0000,7.1721
15300,87.1785,-60.0000,7.1721
15310,87.1785,-60.0000,7.1721
15320,87.1785,-60.0000,7.1721
15330,87.1785,-60.0000,7.1721
15340,87.1785,-60.0000,7.1721
15350,87.1785,-60.0000,7.1721
15360,87.1785,-60.0000,7.1721
15370,87.1785,-60.0000,7.1721
15380,87.1785,-60.0000,7.1721
15390,87.1785,-60.0000,7.1721
15400,87.2199,-60.0000,7.3428
15410,87.4165,-60.0000,8.1834
15420,87.4650,-60.0000,9.0613
15430,87.4769,-60.0000,9.9418
15440,87.4804,-60.0000,10.2186
15450,87.3262,-60.0000,10.1581
15460,86.6637,-60.0000,9.6098
15470,86.0258,-60.0000,9.0022
15480,85.3959,-60.0000,8.3863
15490,84.7437,-60.0000,7.8115
15500,83.8952,-60.0000,7.5913
15510,83.0181,-60.0000,7.5373
15520,82.2799,-60.0000,7.1156
15530,81.8548,-60.0000,6.7832
15540,81.8548,-60.0000,6.7832
15550,81.8548,-60.0000,6.7832
15560,81.8548,-60.0000,6.7832
15570,81.8548,-60.0000,6.7832
15580,81.6716,-60.0000,6.1206
15590,81.5414,-60.0000,5.2543
15600,81.5255,-60.0000,4.3743
15610,81.3166,-60.0000,3.5603
15620,80.7965,-60.0000,2.8547
15630,80.5972,-60.0000,2.0023
15640,80.5385,-60.0000,1.1257
15650,80.5248,-60.0000,0.2454
15660,80.2596,-60.0000,-0.5473
15670,79.7751,-60.0000,-1.1568
15680,79.7613,-60.0000,-1.1774
15690,79.7613,-60.0000,-1.1774
15700,79.7613,-60.0000,-1.1774
15710,79.7613,-60.0000,-1.1774
15720,79.7613,-60.0000,-1.1774
15730,79.7613,-60.0000,-1.1774
15740,79.7613,-60.0000,-1.1774
15750,79.7613,-60.0000,-1.1774
15760,79.7613,-60.0000,-1.1774
15770,79.7613,-60.0000,-1.1774
15780,79.7613,-60.0000,-1.1774
15790,79.7613,-60.0000,-1.1774
15800,79.6401,-60.0000,-1.3045
15810,79.0439,-60.0000,-1.9296
15820,78.4284,-60.0000,-2.5600
15830,77.8089,-60.0000,-3.1865
15840,77.1871,-60.0000,-3.8107
15850,76.5647,-60.0000,-4.4343
15860,75.9420,-60.0000,-5.0576
15870,75.3191,-60.0000,-5.6807
15880,74.6961,-60.0000,-6.3037
15890,74.0731,-60.0000,-6.9267
15900,73.8773,-60.0000,-7.1226
15910,73.8773,-60.0000,-7.1226
15920,73.8773,-60.0000,-7.1226
15930,73.8773,-60.0000,-7.1226
15940,73.8773,-60.0000,-7.1226
15950,73.8773,-60.0000,-7.1226
15960,73.8773,-60.0000,-7.1226
15970,73.3912,-60.0000,-7.6087
15980,72.8135,-60.0000,-8.2576
15990,72.5918,-60.0000,-9.1056
16000,72.5350,-60.0000,-9.9827
16010,72.1138,-60.0000,-10.7212
16020,71.7817,-60.0000,-11.1465
16030,71.7817,-60.0000,-11.1465
16040,71.7817,-60.0000,-11.1465
16050,71.7817,-60.0000,-11.1465
16060,71.7817,-60.0000,-11.1465
16070,72.0218,-60.0000,-11.5990
16080,72.4818,-60.0000,-12.3432
16090,73.0627,-60.0000,-13.0053
16100,73.6693,-60.0000,-13.6441
16110,74.2842,-60.0000,-14.2750
16120,74.9048,-60.0000,-14.9005
16130,75.5265,-60.0000,-15.5248
16140,76.1489,-60.0000,-16.1483
16150,76.7718,-60.0000,-16.7715
16160,77.3947,-60.0000,-17.3946
16170,78.0176,-60.0000,-18.0177
16180,78.1512,-60.0000,-18.1512
16190,78.1512,-60.0000,-18.1512
16200,78.1512,-60.0000,-18.1512
16210,78.1512,-60.0000,-18.1512
16220,78.1512,-60.0000,-18.1512
16230,78.1512,-60.0000,-18.1512
16240,78.1512,-60.0000,-18.1512
16250,78.1512,-60.0000,-18.1512
16260,78.1512,-60.0000,-18.1512
16270,78.1512,-60.0000,-18.1512
16280,78.1512,-60.0000,-18.1512
16290,78.1512,-60.0000,-18.1512
16300,78.1512,-60.0000,-18.1512
16310,78.1512,-60.0000,-18.1512
16320,78.1338,-60.0000,-18.1873
16330,77.7758,-60.0000,-18.9287
16340,77.2603,-60.0000,-19.6347
16350,76.6727,-60.0000,-20.2910
16360,76.0597,-60.0000,-20.9237
16370,75.2868,-60.0000,-21.2892
16380,74.4226,-60.0000,-21.4387
16390,73.5431,-60.0000,-21.4802
16400,72.6959,-60.0000,-21.5900
16410,71.9938,-60.0000,-22.1164
16420,71.9251,-60.0000,-22.3857
16430,72.3288,-60.0000,-23.1482
16440,72.8981,-60.0000,-23.8185
16450,73.4957,-60.0000,-24.4657
16460,74.1093,-60.0000,-25.0978
16470,74.7292,-60.0000,-25.7239
16480,75.4169,-60.0000,-26.2339
16490,76.2515,-60.0000,-26.4852
16500,76.9380,-60.0000,-27.0325
16510,77.1510,-60.0000,-27.2069
16520,77.1510,-60.0000,-27.2069
16530,76.9982,-60.0000,-27.5103
16540,76.5692,-60.0000,-28.2693
16550,75.9937,-60.0000,-28.9358
16560,75.3917,-60.0000,-29.5788
16570,74.7520,-60.0000,-30.1669
16580,73.9069,-60.0000,-30.3996
16590,73.0304,-60.0000,-30.4633
16600,72.1500,-60.0000,-30.4761
16610,71.3770,-60.0000,-30.7952
16620,70.8269,-60.0000,-31.2363
16630,70.8175,-60.0000,-31.2412
16640,70.8175,-60.0000,-31.2412
16650,70.8175,-60.0000,-31.2412
16660,70.8175,-60.0000,-31.2412
16670,70.8175,-60.0000,-31.2412
16680,70.7745,-60.0000,-31.4115
16690,70.5808,-60.0000,-32.2519
16700,70.5315,-60.0000,-33.1303
16710,70.5200,-60.0000,-34.0108
16720,70.9292,-60.0000,-34.7554
16730,71.2556,-60.0000,-35.1851
16740,71.2556,-60.0000,-35.1851
16750,71.2556,-60.0000,-35.1851
16760,71.2556,-60.0000,-35.1851
16770,71.4095,-60.0000,-35.1005
16780,72.1614,-60.0000,-34.6769
16790,72.8272,-60.0000,-34.1020
16800,73.4718,-60.0000,-33.5017
16810,74.1030,-60.0000,-32.8870
16820,74.7287,-60.0000,-32.2667
16830,75.3532,-60.0000,-31.6452
16840,75.9767,-60.0000,-31.0227
16850,76.5999,-60.0000,-30.3999
16860,77.2230,-60.0000,-29.7770
16870,77.8460,-60.0000,-29.1540
16880,78.4690,-60.0000,-28.5310
16890,79.0920,-60.0000,-27.9080
16900,79.7150,-60.0000,-27.2850
16910,80.1571,-60.0000,-26.8429
16920,80.1601,-60.0000,-26.8399
16930,80.1601,-60.0000,-26.8399
16940,80.1601,-60.0000,-26.8399
16950,80.1601,-60.0000,-26.8399
16960,80.1601,-60.0000,-26.8399
16970,80.1601,-60.0000,-26.8399
16980,80.1601,-60.0000,-26.8399
16990,80.1601,-60.0000,-26.8399
17000,80.1601,-60.0000,-26.8399
17010,80.1601,-60.0000,-26.8399
17020,80.1601,-60.0000,-26.8399
17030,80.1601,-60.0000,-26.8399
17040,80.1601,-60.0000,-26.8399
17050,80.1601,-60.0000,-26.8399
17060,80.1601,-60.0000,-26.8399
17070,80.1601,-60.0000,-26.8399
17080,80.1601,-60.0000,-26.8399
17090,80.1601,-60.0000,-26.8399
17100,80.1601,-60.0000,-26.8399
17110,80.1601,-60.0000,-26.8399
17120,80.1601,-60.0000,-26.8399
17130,80.1601,-60.0000,-26.8399
17140,80.1601,-60.0000,-26.8399
17150,80.1601,-60.0000,-26.8399
17160,80.1601,-60.0000,-26.8399
17170,80.1601,-60.0000,-26.8399
17180,80.1601,-60.0000,-26.8399
17190,80.1601,-60.0000,-26.8399
17200,80.1601,-60.0000,-26.8399
17210,80.1601,-60.0000,-26.8399
17220,80.1601,-60.0000,-26.8399
17230,80.1601,-60.0000,-26.8399
17240,80.1601,-60.0000,-26.8399
17250,80.1601,-60.0000,-26.8399
17260,80.1601,-60.0000,-26.8399
17270,80.1601,-60.0000,-26.8399
17280,80.1601,-60.0000,-26.8399
17290,80.1601,-60.0000,-26.8399
17300,80.1601,-60.0000,-26.8399
17310,80.1601,-60.0000,-26.8399
17320,80.1601,-60.0000,-26.8399
17330,80.1601,-60.0000,-26.8399
17340,80.1601,-60.0000,-26.8399
17350,80.1601,-60.0000,-26.8399
17360,80.1601,-60.0000,-26.8399
17370,80.2843,-60.0000,-26.7157
17380,80.8951,-60.0000,-26.1049
17390,81.5181,-60.0000,-25.4819
17400,82.1411,-60.0000,-24.8589
17410,82.7641,-60.0000,-24.2359
17420,83.3871,-60.0000,-23.6129
17430,84.0101,-60.0000,-22.9899
17440,84.8109,-60.0000,-22.6749
17450,85.6793,-60.0000,-22.5497
17460,86.5592,-60.0000,-22.5260
17470,87.3891,-60.0000,-22.3651
17480,88.0847,-60.0000,-21.8277
17490,88.1639,-60.0000,-21.7679
17500,88.1639,-60.0000,-21.7679
17510,88.1639,-60.0000,-21.7679
17520,88.1639,-60.0000,-21.7679
17530,88.1639,-60.0000,-21.7679
17540,88.1639,-60.0000,-21.7679
17550,88.1639,-60.0000,-21.7679
17560,88.1639,-60.0000,-21.7679
17570,88.1639,-60.0000,-21.7679
17580,88.1639,-60.0000,-21.7679
17590,88.1639,-60.0000,-21.7679
17600,88.1639,-60.0000,-21.7679
17610,88.1639,-60.0000,-21.7679
17620,88.1639,-60.0000,-21.7679
17630,88.1639,-60.0000,-21.7679
17640,88.1639,-60.0000,-21.7679
17650,88.1639,-60.0000,-21.7679
17660,88.1639,-60.0000,-21.7679
17670,88.1639,-60.0000,-21.7679
17680,88.1639,-60.0000,-21.7679
17690,88.1741,-60.0000,-21.7293
17700,88.3851,-60.0000,-20.9334
17710,88.4649,-60.0000,-20.0578
17720,88.4848,-60.0000,-19.1774
17730,88.4905,-60.0000,-18.2965
17740,88.4940,-60.0000,-17.4155
17750,88.3432,-60.0000,-16.5851
17760,87.8064,-60.0000,-15.8889
17770,87.3882,-60.0000,-15.4344
17780,86.7808,-60.0000,-14.7980
17790,86.1622,-60.0000,-14.1705
17800,85.4316,-60.0000,-13.7349
17810,84.5707,-60.0000,-13.5638
17820,83.6916,-60.0000,-13.5310
17830,82.8187,-60.0000,-13.4957
17840,82.1125,-60.0000,-12.9885
17850,81.8270,-60.0000,-12.7636
17860,81.8270,-60.0000,-12.7636
17870,81.8270,-60.0000,-12.7636
17880,81.8270,-60.0000,-12.7636
17890,81.8270,-60.0000,-12.7636
17900,81.8270,-60.0000,-12.7636
17910,81.8270,-60.0000,-12.7636
17920,81.8270,-60.0000,-12.7636
17930,81.8270,-60.0000,-12.7636
17940,81.8270,-60.0000,-12.7636
17950,81.8270,-60.0000,-12.7636
17960,81.8270,-60.0000,-12.7636
17970,81.8270,-60.0000,-12.7636
17980,81.8270,-60.0000,-12.7636
17990,81.8270,-60.0000,-12.7636
18000,81.6547,-60.0000,-12.7294
18010,80.8150,-60.0000,-12.5444
18020,80.1203,-60.0000,-12.0130
18030,79.3356,-60.0000,-11.6688
18040,78.4660,-60.0000,-11.5435
18050,77.5860,-60.0000,-11.5272
18060,76.7255,-60.0000,-11.4563
18070,76.0292,-60.0000,-10.9274
18080,75.8137,-60.0000,-10.7561
18090,75.8137,-60.0000,-10.7561
18100,75.8137,-60.0000,-10.7561
18110,75.8137,-60.0000,-10.7561
18120,75.8137,-60.0000,-10.7561
18130,75.8137,-60.0000,-10.7561
18140,75.8137,-60.0000,-10.7561
18150,75.8137,-60.0000,-10.7561
18160,75.8137,-60.0000,-10.7561
18170,75.8137,-60.0000,-10.7561
18180,75.8137,-60.0000,-10.7561
18190,75.8137,-60.0000,-10.7561
18200,75.8137,-60.0000,-10.7561
18210,75.8137,-60.0000,-10.7561
18220,75.8137,-60.0000,-10.7561
18230,75.8137,-60.0000,-10.7561
18240,75.8137,-60.0000,-10.7561
18250,75.8137,-60.0000,-10.7561
18260,75.8137,-60.0000,-10.7561
18270,75.8137,-60.0000,-10.7561
18280,75.8137,-60.0000,-10.7561
18290,75.8137,-60.0000,-10.7561
18300,75.8137,-60.0000,-10.7561
18310,75.8137,-60.0000,-10.7561
18320,76.0593,-60.0000,-10.3065
18330,76.5422,-60.0000,-9.5775
18340,77.1270,-60.0000,-8.9186
18350,77.7376,-60.0000,-8.2836
18360,78.3538,-60.0000,-7.6539
18370,78.9747,-60.0000,-7.0288
18380,79.5967,-60.0000,-6.4048
18390,80.2193,-60.0000,-5.7813
18400,80.8421,-60.0000,-5.1582
18410,81.4651,-60.0000,-4.5351
18420,82.0880,-60.0000,-3.9121
18430,82.3566,-60.0000,-3.0867
18440,82.8008,-60.0000,-2.3472
18450,83.1984,-60.0000,-1.8649
18460,83.1984,-60.0000,-1.8616
18470,83.1984,-60.0000,-1.8616
18480,83.1984,-60.0000,-1.8616
18490,83.1984,-60.0000,-1.8616
18500,83.1984,-60.0000,-1.8616
18510,83.3676,-60.0000,-1.8146
18520,84.2013,-60.0000,-1.5910
18530,85.0786,-60.0000,-1.5323
18540,85.9591,-60.0000,-1.5211
18550,86.8399,-60.0000,-1.5130
18560,87.7208,-60.0000,-1.5080
18570,88.6019,-60.0000,-1.5051
18580,89.4829,-60.0000,-1.5030
18590,90.3299,-60.0000,-1.3981
18600,91.0297,-60.0000,-0.8687
18610,91.1784,-60.0000,-0.7548
18620,91.1784,-60.0000,-0.7548
18630,91.1784,-60.0000,-0.7548
18640,91.1784,-60.0000,-0.7548
18650,91.1784,-60.0000,-0.7548
18660,91.1784,-60.0000,-0.7548
18670,91.1784,-60.0000,-0.7548
18680,91.1784,-60.0000,-0.7548
18690,91.1784,-60.0000,-0.7548
18700,91.1784,-60.0000,-0.7548
18710,91.1784,-60.0000,-0.7548
18720,91.1784,-60.0000,-0.7548
18730,91.1784,-60.0000,-0.7548
18740,91.1784,-60.0000,-0.7548
18750,91.1784,-60.0000,-0.7548
18760,91.1784,-60.0000,-0.7548
18770,91.1784,-60.0000,-0.7548
18780,91.1784,-60.0000,-0.7548
18790,91.1784,-60.0000,-0.7548
18800,91.0949,-60.0000,-0.6004
18810,90.6770,-60.0000,0.1546
18820,90.1039,-60.0000,0.8220
18830,89.5046,-60.0000,1.4675
18840,88.8903,-60.0000,2.0990
18850,88.2702,-60.0000,2.7249
18860,87.6488,-60.0000,3.3495
18870,87.0263,-60.0000,3.9730
18880,86.4035,-60.0000,4.5962
18890,85.7806,-60.0000,5.2194
18900,85.1576,-60.0000,5.8424
18910,84.5346,-60.0000,6.4654
18920,83.9116,-60.0000,7.0884
18930,83.8403,-60.0000,7.1597
18940,83.8403,-60.0000,7.1597
18950,83.8403,-60.0000,7.1597
18960,83.8403,-60.0000,7.1597
18970,83.8403,-60.0000,7.1597
18980,83.8403,-60.0000,7.1597
18990,83.6001,-60.0000,7.3999
19000,82.9808,-60.0000,8.0193
19010,82.3578,-60.0000,8.6423
19020,81.7348,-60.0000,9.2653
19030,81.1118,-60.0000,9.8883
19040,80.4888,-60.0000,10.5113
19050,79.8658,-60.0000,11.1343
19060,79.2427,-60.0000,11.7573
19070,78.5329,-60.0000,12.2317
19080,77.7132,-60.0000,12.5191
19090,77.0265,-60.0000,13.0687
19100,76.8122,-60.0000,13.2415
19110,76.8122,-60.0000,13.2415
19120,76.8122,-60.0000,13.2415
19130,76.8122,-60.0000,13.2415
19140,76.8122,-60.0000,13.2415
19150,76.8122,-60.0000,13.2415
19160,76.8122,-60.0000,13.2415
19170,76.8314,-60.0000,13.2766
19180,77.2262,-60.0000,13.9991
19190,77.7739,-60.0000,14.6843
19200,78.1895,-60.0000,15.1513
19210,78.1895,-60.0000,15.1545
19220,78.1895,-60.0000,15.1545
19230,78.1895,-60.0000,15.1545
19240,78.5180,-60.0000,15.2411
19250,79.3704,-60.0000,15.4317
19260,80.2315,-60.0000,15.4085
19270,80.9492,-60.0000,14.9078
19280,81.7645,-60.0000,14.6288
19290,82.6382,-60.0000,14.5365
19300,83.5185,-60.0000,14.5226
19310,84.3633,-60.0000,14.4082
19320,85.0525,-60.0000,13.8654
19330,85.1306,-60.0000,13.8044
19340,85.1306,-60.0000,13.8044
19350,85.1306,-60.0000,13.8044
19360,85.1306,-60.0000,13.8044
19370,85.1306,-60.0000,13.8044
19380,85.1306,-60.0000,13.8044
19390,85.1132,-60.0000,13.7684
19400,84.7548,-60.0000,13.0271
19410,84.2224,-60.0000,12.3317
19420,83.6351,-60.0000,11.6753
19430,83.0232,-60.0000,11.0414
19440,82.4055,-60.0000,10.4132
19450,81.7849,-60.0000,9.7878
19460,81.1626,-60.0000,9.1640
19470,80.7309,-60.0000,8.4306
19480,80.4200,-60.0000,7.6242
19490,79.8645,-60.0000,6.9416
19500,79.8030,-60.0000,6.8638
19510,79.8030,-60.0000,6.8638
19520,79.8030,-60.0000,6.8638
19530,79.8030,-60.0000,6.8638
19540,79.8030,-60.0000,6.8638
19550,79.8030,-60.0000,6.8638
19560,79.8030,-60.0000,6.8638
19570,79.8030,-60.0000,6.8638
19580,79.8030,-60.0000,6.8638
19590,79.8030,-60.0000,6.8638
19600,79.8030,-60.0000,6.8638
19610,79.8030,-60.0000,6.8638
19620,79.8030,-60.0000,6.8638
19630,79.8030,-60.0000,6.8638
19640,79.8030,-60.0000,6.8638
19650,79.8030,-60.0000,6.8638
19660,79.8030,-60.0000,6.8638
19670,79.8030,-60.0000,6.8638
19680,79.8030,-60.0000,6.8638
19690,79.1409,-60.0000,6.6790
19700,78.2750,-60.0000,6.5459
19710,77.3950,-60.0000,6.5267
19720,76.5144,-60.0000,6.5159
19730,75.6334,-60.0000,6.5096
19740,74.7524,-60.0000,6.5059
19750,73.8714,-60.0000,6.5035
19760,72.9903,-60.0000,6.5022
19770,72.1093,-60.0000,6.5014
19780,71.3455,-60.0000,6.8573
19790,70.8476,-60.0000,7.2352
19800,70.8442,-60.0000,7.2352
19810,70.8442,-60.0000,7.2352
19820,70.8442,-60.0000,7.2352
19830,70.8442,-60.0000,7.2352
19840,71.1607,-60.0000,7.8455
19850,71.6673,-60.0000,8.5582
19860,72.2540,-60.0000,9.2153
19870,72.8668,-60.0000,9.8484
19880,73.5959,-60.0000,10.2825
19890,74.4024,-60.0000,10.5901
19900,75.0815,-60.0000,11.1499
19910,75.9203,-60.0000,11.3818
19920,76.7949,-60.0000,11.4610
19930,77.6752,-60.0000,11.4752
19940,78.4856,-60.0000,11.6890
19950,79.1429,-60.0000,12.2120
19960,79.1839,-60.0000,12.2424
19970,79.1839,-60.0000,12.2424
19980,79.1839,-60.0000,12.2424
19990,78.8555,-60.0000,12.8463
20000,78.3412,-60.0000,13.5544
20010,77.7526,-60.0000,14.2100
20020,77.1396,-60.0000,14.8427
20030,76.5221,-60.0000,15.4712
20040,75.9012,-60.0000,16.0962
20050,75.2789,-60.0000,16.7199
20060,74.6563,-60.0000,17.3433
20070,74.0334,-60.0000,17.9665
20080,73.4105,-60.0000,18.5895
20090,72.7875,-60.0000,19.2125
20100,72.1645,-60.0000,19.8355
20110,71.5415,-60.0000,20.4585
20120,70.9185,-60.0000,21.0815
20130,70.2955,-60.0000,21.7045
20140,69.6936,-60.0000,22.0718
20150,68.9096,-60.0000,21.7009
20160,68.2307,-60.0000,21.1444
20170,67.5806,-60.0000,20.5500
20180,66.9486,-60.0000,19.9362
20190,66.3224,-60.0000,19.3164
20200,65.6976,-60.0000,18.6953
20210,65.0739,-60.0000,18.0729
20220,64.4506,-60.0000,17.4502
20230,63.8275,-60.0000,16.8274
20240,63.2044,-60.0000,16.2044
20250,62.5814,-60.0000,15.5814
20260,61.9584,-60.0000,14.9584
20270,61.3354,-60.0000,14.3354
20280,60.8366,-60.0000,13.8366
20290,60.8280,-60.0000,13.8280
20300,60.8280,-60.0000,13.8280
20310,60.8280,-60.0000,13.8280
20320,60.8280,-60.0000,13.8280
20330,60.8280,-60.0000,13.8280
20340,60.8280,-60.0000,13.8280
20350,60.8280,-60.0000,13.8280
20360,60.8280,-60.0000,13.8280
20370,60.8280,-60.0000,13.8280
20380,60.3709,-60.0000,14.0593
20390,59.6214,-60.0000,14.5089
20400,58.9605,-60.0000,15.0911
20410,58.3228,-60.0000,15.6988
20420,57.6287,-60.0000,16.2046
20430,56.7752,-60.0000,16.4120
20440,55.8970,-60.0000,16.4753
20450,55.0163,-60.0000,16.4861
20460,54.2738,-60.0000,16.9009
20470,53.8456,-60.0000,17.2294
20480,53.8456,-60.0000,17.2294
20490,53.8456,-60.0000,17.2294
20500,53.8456,-60.0000,17.2294
20510,53.8456,-60.0000,17.2294
20520,53.8456,-60.0000,17.2294
20530,53.8456,-60.0000,17.2294
20540,53.8456,-60.0000,17.2294
20550,53.8456,-60.0000,17.2294
20560,53.8456,-60.0000,17.2294
20570,53.8456,-60.0000,17.2294
20580,53.8456,-60.0000,17.2294
20590,53.8456,-60.0000,17.2294
20600,53.8456,-60.0000,17.2294
20610,53.8456,-60.0000,17.2294
20620,53.8456,-60.0000,17.2294
20630,53.5470,-60.0000,17.0675
20640,52.7894,-60.0000,16.6320
20650,52.1250,-60.0000,16.0546
20660,51.7115,-60.0000,15.3165
20670,51.3605,-60.0000,14.5295
20680,50.8128,-60.0000,13.8449
20690,50.6020,-60.0000,12.9959
20700,50.5375,-60.0000,12.1198
20710,50.5241,-60.0000,11.2395
20720,50.2583,-60.0000,10.4473
20730,49.7727,-60.0000,9.8388
20740,49.7588,-60.0000,9.8182
20750,49.7588,-60.0000,9.8182
20760,49.7588,-60.0000,9.8182
20770,49.7588,-60.0000,9.8182
20780,49.7588,-60.0000,9.8182
20790,49.7588,-60.0000,9.8182
20800,49.7588,-60.0000,9.8182
20810,49.7588,-60.0000,9.8182
20820,49.7588,-60.0000,9.8182
20830,49.7588,-60.0000,9.8182
20840,49.7588,-60.0000,9.8182
20850,49.7588,-60.0000,9.8182
20860,49.7588,-60.0000,9.8182
20870,49.7588,-60.0000,9.8182
20880,49.7588,-60.0000,9.8182
20890,49.7588,-60.0000,9.8182
20900,49.7588,-60.0000,9.8182
20910,49.7588,-60.0000,9.8182
20920,49.7588,-60.0000,9.8182
20930,49.7588,-60.0000,9.8182
20940,49.7588,-60.0000,9.8182
20950,49.7588,-60.0000,9.8182
20960,49.7588,-60.0000,9.8182
20970,49.7588,-60.0000,9.8182
20980,49.7588,-60.0000,9.8182
20990,49.7588,-60.0000,9.8182
21000,49.7588,-60.0000,9.8182
21010,49.7588,-60.0000,9.8182
21020,49.7588,-60.0000,9.8182
21030,49.7588,-60.0000,9.8182
21040,49.7588,-60.0000,9.8182
21050,49.8878,-60.0000,9.8444
21060,50.2877,-60.0000,10.5600
21070,50.5846,-60.0000,11.3702
21080,51.1367,-60.0000,12.0556
21090,51.1978,-60.0000,12.1337
21100,51.1978,-60.0000,12.1337
21110,51.1978,-60.0000,12.1337
21120,51.1978,-60.0000,12.1337
21130,51.1978,-60.0000,12.1337
21140,51.1978,-60.0000,12.1337
21150,51.1978,-60.0000,12.1337
21160,51.1978,-60.0000,12.1337
21170,51.1978,-60.0000,12.1337
21180,51.1978,-60.0000,12.1337
21190,51.1978,-60.0000,12.1337
21200,51.1978,-60.0000,12.1337
21210,51.5513,-60.0000,12.5045
21220,52.1688,-60.0000,13.1238
21230,53.0047,-60.0000,13.3752
21240,53.8785,-60.0000,13.4594
21250,54.6372,-60.0000,13.8270
21260,55.3799,-60.0000,14.2674
21270,56.2431,-60.0000,14.4339
21280,57.1222,-60.0000,14.4683
21290,58.0027,-60.0000,14.4797
21300,58.7411,-60.0000,14.9003
21310,59.0247,-60.0000,15.3286
21320,58.1843,-60.0000,15.4610
21330,57.3042,-60.0000,15.4755
21340,56.4235,-60.0000,15.4854
21350,55.5425,-60.0000,15.4912
21360,54.6615,-60.0000,15.4946
21370,53.7805,-60.0000,15.4968
21380,52.8994,-60.0000,15.4981
21390,52.7986,-60.0000,15.4981
21400,52.7986,-60.0000,15.4981
21410,52.7986,-60.0000,15.4981
21420,52.7986,-60.0000,15.4981
21430,52.7986,-60.0000,15.4981
21440,52.7986,-60.0000,15.4981
21450,52.7986,-60.0000,15.4981
21460,52.7986,-60.0000,15.4981
21470,52.7986,-60.0000,15.4981
21480,52.7986,-60.0000,15.4981
21490,52.7986,-60.0000,15.4981
21500,52.7988,-60.0000,15.5381
21510,53.2759,-60.0000,16.1967
21520,53.8774,-60.0000,16.8400
21530,54.2919,-60.0000,17.5845
21540,54.5910,-60.0000,18.3935
21550,55.1477,-60.0000,19.0751
21560,55.2093,-60.0000,19.1527
21570,55.2093,-60.0000,19.1527
21580,55.0604,-60.0000,19.2431
21590,54.2265,-60.0000,19.4245
21600,53.3482,-60.0000,19.4758
21610,52.4675,-60.0000,19.4851
21620,51.5865,-60.0000,19.4907
21630,50.7055,-60.0000,19.4945
21640,49.8318,-60.0000,19.5197
21650,49.1193,-60.0000,20.0187
21660,48.8309,-60.0000,20.2400
21670,48.8309,-60.0000,20.2400
21680,48.8309,-60.0000,20.2400
21690,48.8309,-60.0000,20.2400
21700,48.8309,-60.0000,20.2400
21710,48.8309,-60.0000,20.2400
21720,48.8309,-60.0000,20.2400
21730,48.8309,-60.0000,20.2400
21740,48.8309,-60.0000,20.2400
21750,48.8309,-60.0000,20.2400
21760,48.8309,-60.0000,20.2400
21770,48.8309,-60.0000,20.2400
21780,48.8309,-60.0000,20.2400
21790,48.8309,-60.0000,20.2400
21800,48.8309,-60.0000,20.2400
21810,48.8309,-60.0000,20.2400
21820,48.8309,-60.0000,20.2400
21830,48.8309,-60.0000,20.2400
21840,48.8309,-60.0000,20.2400
21850,48.8309,-60.0000,20.2400
21860,48.8309,-60.0000,20.2400
21870,48.8309,-60.0000,20.2400
21880,48.8309,-60.0000,20.2400
21890,49.0712,-60.0000,20.6925
21900,49.5479,-60.0000,21.4250
21910,50.1315,-60.0000,22.0850
21920,50.7418,-60.0000,22.7203
21930,51.3579,-60.0000,23.3501
21940,51.9787,-60.0000,23.9752
21950,52.6007,-60.0000,24.5992
21960,53.2233,-60.0000,25.2227
21970,53.8462,-60.0000,25.8458
21980,54.4691,-60.0000,26.4689
21990,55.0920,-60.0000,27.0919
22000,55.1633,-60.0000,27.1632
22010,55.1633,-60.0000,27.1632
22020,55.1633,-60.0000,27.1632
22030,55.1633,-60.0000,27.1632
22040,55.1633,-60.0000,27.1632
22050,55.1633,-60.0000,27.1632
22060,55.1633,-60.0000,27.1632
22070,55.1633,-60.0000,27.1632
22080,55.1633,-60.0000,27.1632
22090,55.1633,-60.0000,27.1632
22100,55.1633,-60.0000,27.1632
22110,55.1633,-60.0000,27.1632
22120,55.1633,-60.0000,27.1632
22130,55.1633,-60.0000,27.1632
22140,55.1633,-60.0000,27.1632
22150,55.1633,-60.0000,27.1632
22160,55.1633,-60.0000,27.1632
22170,55.1633,-60.0000,27.1632
22180,55.1633,-60.0000,27.1632
22190,55.1633,-60.0000,27.1632
22200,55.1633,-60.0000,27.1632
22210,55.1633,-60.0000,27.1632
22220,55.1633,-60.0000,27.1632
22230,55.1633,-60.0000,27.1632
22240,55.1633,-60.0000,27.1632
22250,55.1633,-60.0000,27.1632
22260,54.8233,-60.0000,26.9035
22270,54.2237,-60.0000,26.2621
22280,53.6125,-60.0000,25.6276
22290,52.9937,-60.0000,25.0004
22300,52.3725,-60.0000,24.3756
22310,51.7504,-60.0000,23.7517
22320,51.1278,-60.0000,23.1284
22330,50.5049,-60.0000,22.5052
22340,49.9103,-60.0000,21.9104
22350,49.8730,-60.0000,21.8732
22360,49.8730,-60.0000,21.8732
22370,49.8730,-60.0000,21.8732
22380,50.0141,-60.0000,21.5641
22390,50.4012,-60.0000,20.7821
22400,50.9695,-60.0000,20.1105
22410,51.5672,-60.0000,19.4635
22420,52.1906,-60.0000,18.8482
22430,53.0302,-60.0000,18.6100
22440,53.9050,-60.0000,18.5385
22450,54.7853,-60.0000,18.5244
22460,55.5750,-60.0000,18.2553
22470,56.1218,-60.0000,17.8105
22480,56.1311,-60.0000,17.8056
22490,56.1311,-60.0000,17.8056
22500,56.1311,-60.0000,17.8056
22510,56.1311,-60.0000,17.8056
22520,56.1311,-60.0000,17.8056
22530,56.1311,-60.0000,17.8056
22540,56.1311,-60.0000,17.8056
22550,56.1311,-60.0000,17.8056
22560,56.1311,-60.0000,17.8056
22570,56.1311,-60.0000,17.8056
22580,56.1311,-60.0000,17.8056
22590,56.1311,-60.0000,17.8056
22600,56.1311,-60.0000,17.8056
22610,56.1311,-60.0000,17.8056
22620,56.1311,-60.0000,17.8056
22630,56.1311,-60.0000,17.8056
22640,56.1311,-60.0000,17.8056
22650,56.1311,-60.0000,17.8056
22660,56.1311,-60.0000,17.8056
22670,56.1311,-60.0000,17.8056
22680,56.1311,-60.0000,17.8056
22690,56.1311,-60.0000,17.8056
22700,56.1311,-60.0000,17.8056
22710,55.8779,-60.0000,18.1657
22720,55.2468,-60.0000,18.7767
22730,54.6167,-60.0000,19.3925
22740,53.9911,-60.0000,20.0129
22750,53.3671,-60.0000,20.6348
22760,52.7435,-60.0000,21.2573
22770,52.1203,-60.0000,21.8801
22780,51.4972,-60.0000,22.5030
22790,50.8742,-60.0000,23.1259
22800,50.2512,-60.0000,23.7489
22810,49.6282,-60.0000,24.3719
22820,49.0052,-60.0000,24.9949
22830,48.3822,-60.0000,25.6179
22840,47.7592,-60.0000,26.2409
22850,47.1361,-60.0000,26.8639
22860,46.8780,-60.0000,27.1221
22870,46.8780,-60.0000,27.1221
22880,46.8780,-60.0000,27.1221
22890,46.8780,-60.0000,27.1221
22900,46.8780,-60.0000,27.1221
22910,46.2514,-60.0000,26.8393
22920,45.5127,-60.0000,26.3761
22930,44.8475,-60.0000,25.7986
22940,44.2118,-60.0000,25.1887
22950,43.8227,-60.0000,24.8153
22960,43.8227,-60.0000,24.8153
22970,43.8227,-60.0000,24.8153
22980,43.8227,-60.0000,24.8153
22990,43.8227,-60.0000,24.8153
23000,43.8227,-60.0000,24.8153
23010,43.8227,-60.0000,24.8153
23020,43.8227,-60.0000,24.8153
23030,43.8227,-60.0000,24.8153
23040,43.8227,-60.0000,24.8153
23050,43.8227,-60.0000,24.8153
23060,43.8227,-60.0000,24.8153
23070,43.8227,-60.0000,24.8153
23080,43.8227,-60.0000,24.8153
23090,43.8227,-60.0000,24.8153
23100,43.8227,-60.0000,24.8153
23110,43.8227,-60.0000,24.8153
23120,43.8227,-60.0000,24.8153
23130,43.8227,-60.0000,24.8153
23140,43.8227,-60.0000,24.8153
23150,43.8227,-60.0000,24.8153
23160,43.8227,-60.0000,24.8153
23170,43.8227,-60.0000,24.8153
23180,43.8227,-60.0000,24.8153
23190,43.6221,-60.0000,25.2758
23200,43.5334,-60.0000,26.1491
23210,43.5210,-60.0000,27.0295
23220,43.5132,-60.0000,27.9103
23230,43.5084,-60.0000,28.7913
23240,43.5054,-60.0000,29.6723
23250,43.5039,-60.0000,30.2137
23260,43.5039,-60.0000,30.2137
23270,43.5039,-60.0000,30.2137
23280,43.5039,-60.0000,30.2137
23290,43.5039,-60.0000,30.2137
23300,43.5039,-60.0000,30.2137
23310,43.5039,-60.0000,30.2137
23320,43.5039,-60.0000,30.2137
23330,43.5039,-60.0000,30.2137
23340,43.5039,-60.0000,30.2137
23350,43.5039,-60.0000,30.2137
23360,43.5039,-60.0000,30.2137
23370,43.6114,-60.0000,30.3525
23380,44.1403,-60.0000,31.0355
23390,44.7308,-60.0000,31.6884
23400,45.3404,-60.0000,32.3244
23410,45.9591,-60.0000,32.9517
23420,46.5800,-60.0000,33.5768
23430,47.2278,-60.0000,34.1572
23440,48.0724,-60.0000,34.3927
23450,48.9486,-60.0000,34.4620
23460,49.6984,-60.0000,34.8413
23470,50.1816,-60.0000,35.2377
23480,50.1849,-60.0000,35.2377
23490,50.1946,-60.0000,35.2765
23500,50.3940,-60.0000,36.0753
23510,50.4626,-60.0000,36.9516
23520,50.4770,-60.0000,37.8318
23530,50.4857,-60.0000,38.7125
23540,50.4910,-60.0000,39.5935
23550,50.4946,-60.0000,40.4745
23560,50.4967,-60.0000,41.3555
23570,50.4980,-60.0000,42.2366
23580,50.4988,-60.0000,43.1177
23590,50.9733,-60.0000,43.8365
23600,51.2522,-60.0000,44.1916
23610,51.2522,-60.0000,44.1916
23620,51.2522,-60.0000,44.1916
23630,51.7496,-60.0000,44.3145
23640,52.5214,-60.0000,44.6906
23650,53.2211,-60.0000,45.2107
23660,54.0756,-60.0000,45.4110
23670,54.9532,-60.0000,45.4620
23680,55.7023,-60.0000,45.8422
23690,56.4349,-60.0000,46.2932
23700,57.3000,-60.0000,46.4488
23710,58.1797,-60.0000,46.4737
23720,59.0604,-60.0000,46.4838
23730,59.7857,-60.0000,46.9496
23740,60.1449,-60.0000,47.2235
23750,60.1449,-60.0000,47.2235
23760,60.1449,-60.0000,47.2235
23770,60.1449,-60.0000,47.2235
23780,60.1449,-60.0000,47.2235
23790,60.1449,-60.0000,47.2235
23800,60.1449,-60.0000,47.2235
23810,60.1449,-60.0000,47.2235
23820,60.1449,-60.0000,47.2235
23830,60.1449,-60.0000,47.2235
23840,60.1449,-60.0000,47.2235
23850,60.1449,-60.0000,47.2235
23860,60.1449,-60.0000,47.2235
23870,60.1449,-60.0000,47.2235
23880,60.1449,-60.0000,47.2235
23890,60.1449,-60.0000,47.2235
23900,60.1449,-60.0000,47.2235
23910,60.3487,-60.0000,46.7607
23920,60.4576,-60.0000,45.8896
23930,60.4786,-60.0000,45.0095
23940,60.4803,-60.0000,44.8207
23950,60.4803,-60.0000,44.8207
23960,60.4803,-60.0000,44.8207
23970,60.4803,-60.0000,44.8207
23980,60.4803,-60.0000,44.8207
23990,60.4803,-60.0000,44.8207
24000,60.4803,-60.0000,44.8207
24010,60.5413,-60.0000,45.4210
24020,60.5245,-60.0000,46.3004
24030,60.5149,-60.0000,47.1811
24040,60.5092,-60.0000,48.0621
24050,60.5061,-60.0000,48.9431
24060,60.5038,-60.0000,49.8241
24070,60.6706,-60.0000,50.2453
24080,61.5104,-60.0000,50.4279
24090,62.3893,-60.0000,50.4791
24100,63.2701,-60.0000,50.4873
24110,64.1439,-60.0000,50.5149
24120,64.8598,-60.0000,51.0095
24130,65.6542,-60.0000,51.3375
24140,66.5248,-60.0000,51.4542
24150,67.4048,-60.0000,51.4712
24160,68.2653,-60.0000,51.5424
24170,68.9632,-60.0000,52.0692
24180,69.1531,-60.0000,52.1107
24190,68.5455,-60.0000,51.5152
24200,67.9134,-60.0000,50.9015
24210,67.2873,-60.0000,50.2817
24220,66.6625,-60.0000,49.6605
24230,66.0390,-60.0000,49.0381
24240,65.8041,-60.0000,48.8325
24250,65.0063,-60.0000,48.6291
24260,64.1328,-60.0000,48.5402
24270,63.2528,-60.0000,48.5245
24280,62.3720,-60.0000,48.5151
24290,61.4911,-60.0000,48.5094
24300,60.6101,-60.0000,48.5056
24310,59.7290,-60.0000,48.5034
24320,58.8480,-60.0000,48.5021
24330,57.9669,-60.0000,48.5014
24340,57.2296,-60.0000,48.0807
24350,56.8059,-60.0000,47.7466
24360,56.8059,-60.0000,47.7466
24370,56.8059,-60.0000,47.7466
24380,56.8059,-60.0000,47.7466
24390,56.8059,-60.0000,47.7466
24400,56.8254,-60.0000,47.7116
24410,57.2259,-60.0000,46.9923
24420,57.7762,-60.0000,46.3089
24430,58.3712,-60.0000,45.6594
24440,58.9856,-60.0000,45.0279
24450,59.6046,-60.0000,44.4009
24460,60.2258,-60.0000,43.7762
24470,60.8483,-60.0000,43.1526
24480,61.1685,-60.0000,42.8319
24490,61.1685,-60.0000,42.8319
24500,61.1685,-60.0000,42.8319
24510,61.1685,-60.0000,42.8319
24520,61.0161,-60.0000,42.5283
24530,60.6024,-60.0000,41.7593
24540,60.0264,-60.0000,41.0939
24550,59.4249,-60.0000,40.4505
24560,58.7841,-60.0000,39.8624
24570,57.9424,-60.0000,39.6168
24580,57.0667,-60.0000,39.5363
24590,56.1863,-60.0000,39.5160
24600,55.4082,-60.0000,39.2052
24610,54.8508,-60.0000,38.7733
24620,54.8412,-60.0000,38.7685
24630,54.8412,-60.0000,38.7685
24640,54.8412,-60.0000,38.7685
24650,54.8412,-60.0000,38.7685
24660,54.8412,-60.0000,38.7685
24670,54.8412,-60.0000,38.7685
24680,54.8412,-60.0000,38.7685
24690,54.8412,-60.0000,38.7685
24700,54.8412,-60.0000,38.7685
24710,54.8412,-60.0000,38.7685
24720,54.6860,-60.0000,39.0686
24730,54.5589,-60.0000,39.9307
24740,54.5235,-60.0000,40.8100
24750,54.5148,-60.0000,41.6908
24760,54.5089,-60.0000,42.5717
24770,54.5054,-60.0000,43.4527
24780,54.5034,-60.0000,44.3338
24790,54.5256,-60.0000,45.2072
24800,55.0324,-60.0000,45.9137
24810,55.2024,-60.0000,46.1303
24820,55.2024,-60.0000,46.1303
24830,55.2024,-60.0000,46.1303
24840,55.2024,-60.0000,46.1303
24850,55.2024,-60.0000,46.1303
24860,55.2024,-60.0000,46.1303
24870,55.2024,-60.0000,46.1303
24880,55.2024,-60.0000,46.1303
24890,55.2024,-60.0000,46.1303
24900,55.2024,-60.0000,46.1303
24910,55.2024,-60.0000,46.1303
24920,55.2024,-60.0000,46.1303
24930,55.2024,-60.0000,46.1303
24940,54.7179,-60.0000,45.7531
24950,54.1043,-60.0000,45.1219
24960,53.4865,-60.0000,44.4938
24970,52.8657,-60.0000,43.8686
24980,52.2434,-60.0000,43.2449
24990,51.7692,-60.0000,42.5346
25000,51.5772,-60.0000,41.6779
25010,51.5055,-60.0000,40.8070
25020,50.9924,-60.0000,40.1056
25030,50.7649,-60.0000,39.8222
25040,50.7649,-60.0000,39.8222
25050,50.7649,-60.0000,39.8222
25060,50.7649,-60.0000,39.8222
25070,50.7649,-60.0000,39.8222
25080,50.7649,-60.0000,39.8222
25090,50.7649,-60.0000,39.8222
25100,50.7649,-60.0000,39.8222
25110,50.7649,-60.0000,39.8222
25120,50.7649,-60.0000,39.8222
25130,50.7649,-60.0000,39.8222
25140,50.7649,-60.0000,39.8222
25150,50.7649,-60.0000,39.8222
25160,50.7649,-60.0000,39.8222
25170,50.7649,-60.0000,39.8222
25180,50.7649,-60.0000,39.8222
25190,50.7649,-60.0000,39.8222
25200,50.7649,-60.0000,39.8222
25210,50.7649,-60.0000,39.8222
25220,50.7649,-60.0000,39.8222
25230,50.7649,-60.0000,39.8222
25240,50.7649,-60.0000,39.8222
25250,50.7649,-60.0000,39.8222
25260,50.7649,-60.0000,39.8222
25270,50.7649,-60.0000,39.8222
25280,50.7649,-60.0000,39.8222
25290,50.7649,-60.0000,39.8222
25300,50.7649,-60.0000,39.8222
25310,50.7649,-60.0000,39.8222
25320,50.7649,-60.0000,39.8222
25330,50.7649,-60.0000,39.8222
25340,50.7649,-60.0000,39.8222
25350,50.7649,-60.0000,39.8222
25360,50.7649,-60.0000,39.8222
25370,50.7649,-60.0000,39.8222
25380,50.7649,-60.0000,39.8222
25390,50.7649,-60.0000,39.8222
25400,50.7649,-60.0000,39.8222
25410,50.7649,-60.0000,39.8222
25420,50.7649,-60.0000,39.8222
25430,50.7649,-60.0000,39.8222
25440,50.7649,-60.0000,39.8222
25450,50.7649,-60.0000,39.8222
25460,50.7649,-60.0000,39.8222
25470,50.7649,-60.0000,39.8222
25480,50.7649,-60.0000,39.8222
25490,50.7649,-60.0000,39.8222
25500,50.7649,-60.0000,39.8222
25510,50.7649,-60.0000,39.8222
25520,50.7649,-60.0000,39.8222
25530,50.7649,-60.0000,39.8222
25540,50.7649,-60.0000,39.8222
25550,50.7649,-60.0000,39.8222
25560,50.7649,-60.0000,39.8222
25570,50.7959,-60.0000,39.7970
25580,51.3656,-60.0000,40.3301
25590,51.9787,-60.0000,40.9625
25600,52.5970,-60.0000,41.5902
25610,53.1735,-60.0000,42.2413
25620,53.4009,-60.0000,43.0880
25630,53.4610,-60.0000,43.9646
25640,53.8798,-60.0000,44.7051
25650,54.2099,-60.0000,45.1320
25660,54.2099,-60.0000,45.1320
25670,54.2099,-60.0000,45.1320
25680,54.2099,-60.0000,45.1320
25690,54.2099,-60.0000,45.1320
25700,54.2099,-60.0000,45.1320
25710,54.2099,-60.0000,45.1320
25720,54.2099,-60.0000,45.1320
25730,54.1290,-60.0000,45.2879
25740,53.7311,-60.0000,46.0546
25750,53.1733,-60.0000,46.7332
25760,52.5802,-60.0000,47.3844
25770,51.9675,-60.0000,48.0175
25780,51.3487,-60.0000,48.6447
25790,50.8519,-60.0000,49.1455
25800,50.8433,-60.0000,49.1541
25810,50.8433,-60.0000,49.1541
25820,50.8433,-60.0000,49.1541
25830,50.8433,-60.0000,49.1541
25840,50.8433,-60.0000,49.1541
25850,50.8433,-60.0000,49.1541
25860,50.8433,-60.0000,49.1541
25870,50.8433,-60.0000,49.1541
25880,50.8433,-60.0000,49.1541
25890,50.8433,-60.0000,49.1541
25900,50.8433,-60.0000,49.1541
25910,50.8433,-60.0000,49.1541
25920,50.8433,-60.0000,49.1541
25930,50.8433,-60.0000,49.1541
25940,50.8433,-60.0000,49.1541
25950,50.8433,-60.0000,49.1541
25960,50.8433,-60.0000,49.1541
25970,50.8433,-60.0000,49.1541
25980,50.8433,-60.0000,49.1541
25990,50.8433,-60.0000,49.1541
26000,50.8433,-60.0000,49.1541
26010,50.8433,-60.0000,49.1541
26020,50.8433,-60.0000,49.1541
26030,50.8433,-60.0000,49.1541
26040,50.8151,-60.0000,49.1824
26050,50.2335,-60.0000,49.7651
26060,49.6110,-60.0000,50.3885
26070,48.9882,-60.0000,51.0117
26080,48.3652,-60.0000,51.6347
26090,47.7423,-60.0000,52.2578
26100,47.1193,-60.0000,52.8808
26110,46.4963,-60.0000,53.5038
26120,45.8633,-60.0000,54.1101
26130,45.0273,-60.0000,54.3642
26140,44.1540,-60.0000,54.4592
26150,43.3810,-60.0000,54.7961
26160,42.8297,-60.0000,55.2357
26170,42.8202,-60.0000,55.2406
26180,42.8202,-60.0000,55.2406
26190,42.8202,-60.0000,55.2406
26200,42.8202,-60.0000,55.2406
26210,42.8202,-60.0000,55.2406
26220,42.8202,-60.0000,55.2406
26230,42.8202,-60.0000,55.2406
26240,42.8202,-60.0000,55.2406
26250,42.8202,-60.0000,55.2406
26260,42.8202,-60.0000,55.2406
26270,42.8202,-60.0000,55.2406
26280,42.8202,-60.0000,55.2406
26290,42.8202,-60.0000,55.2406
26300,42.8202,-60.0000,55.2406
26310,42.8202,-60.0000,55.2406
26320,42.8202,-60.0000,55.2406
26330,43.0636,-60.0000,55.6914
26340,43.6446,-60.0000,56.2664
26350,44.5033,-60.0000,56.4361
26360,45.3470,-60.0000,56.5880
26370,46.0391,-60.0000,57.1281
26380,46.8642,-60.0000,57.3831
26390,47.7385,-60.0000,57.4651
26400,48.6189,-60.0000,57.4783
26410,49.4337,-60.0000,57.6852
26420,50.1024,-60.0000,58.1936
26430,50.1441,-60.0000,58.2232
26440,50.1441,-60.0000,58.2232
26450,50.1441,-60.0000,58.2232
26460,50.1441,-60.0000,58.2232
26470,50.1441,-60.0000,58.2232
26480,50.1441,-60.0000,58.2232
26490,50.1441,-60.0000,58.2232
26500,50.1441,-60.0000,58.2232
26510,50.1441,-60.0000,58.2232
26520,50.1441,-60.0000,58.2232
26530,50.1441,-60.0000,58.2232
26540,50.1441,-60.0000,58.2232
26550,50.1441,-60.0000,58.2232
26560,50.1441,-60.0000,58.2232
26570,50.1441,-60.0000,58.2232
26580,50.1441,-60.0000,58.2232
26590,50.1441,-60.0000,58.2232
26600,50.1441,-60.0000,58.2232
26610,50.1441,-60.0000,58.2232
26620,50.1441,-60.0000,58.2232
26630,50.1441,-60.0000,58.2232
26640,50.1441,-60.0000,58.2232
26650,50.1441,-60.0000,58.2232
26660,50.1441,-60.0000,58.2232
26670,50.1441,-60.0000,58.2232
26680,50.1441,-60.0000,58.2232
26690,50.1441,-60.0000,58.2232
26700,50.1441,-60.0000,58.2232
26710,50.1441,-60.0000,58.2232
26720,50.1441,-60.0000,58.2232
26730,50.1441,-60.0000,58.2232
26740,50.1441,-60.0000,58.2232
26750,50.1441,-60.0000,58.2232
26760,50.1441,-60.0000,58.2232
26770,50.1441,-60.0000,58.2232
26780,50.1833,-60.0000,58.2312
26790,50.9900,-60.0000,58.3959
26800,51.8661,-60.0000,58.4606
26810,52.7462,-60.0000,58.4760
26820,53.6269,-60.0000,58.4852
26830,54.4418,-60.0000,58.6904
26840,55.1491,-60.0000,59.2082
26850,56.0021,-60.0000,59.4050
26860,56.8788,-60.0000,59.4626
26870,57.7592,-60.0000,59.4759
26880,58.5515,-60.0000,59.7415
26890,59.1603,-60.0000,60.2268
26900,59.1809,-60.0000,60.2407
26910,59.1809,-60.0000,60.2407
26920,59.1809,-60.0000,60.2407
26930,59.1809,-60.0000,60.2407
26940,59.2158,-60.0000,60.2211
26950,59.9337,-60.0000,59.8180
26960,60.6273,-60.0000,59.2821
26970,61.2787,-60.0000,58.6890
26980,61.9103,-60.0000,58.0747
26990,62.5378,-60.0000,57.4563
27000,63.1627,-60.0000,56.8352
27010,63.7862,-60.0000,56.2127
27020,64.2562,-60.0000,55.5018
27030,64.5337,-60.0000,54.6800
27040,65.0873,-60.0000,53.9968
27050,65.2052,-60.0000,53.8515
27060,65.2052,-60.0000,53.8515
27070,65.2052,-60.0000,53.8515
27080,65.2052,-60.0000,53.8515
27090,65.2052,-60.0000,53.8515
27100,64.7681,-60.0000,53.5919
27110,64.0992,-60.0000,53.0224
27120,63.8240,-60.0000,52.7853
27130,63.8240,-60.0000,52.7853
27140,63.9562,-60.0000,53.0228
27150,64.5891,-60.0000,53.6221
27160,65.2226,-60.0000,54.2344
27170,65.8487,-60.0000,54.8543
27180,66.5842,-60.0000,55.2814
27190,67.4470,-60.0000,55.4432
27200,68.3266,-60.0000,55.4690
27210,69.1993,-60.0000,55.5048
27220,69.9022,-60.0000,56.0162
27230,70.1861,-60.0000,56.2431
27240,70.1861,-60.0000,56.2431
27250,70.1861,-60.0000,56.2431
27260,70.1861,-60.0000,56.2431
27270,70.1861,-60.0000,56.2431
27280,70.1861,-60.0000,56.2431
27290,70.1861,-60.0000,56.2431
27300,70.1861,-60.0000,56.2431
27310,70.1861,-60.0000,56.2431
27320,70.1861,-60.0000,56.2431
27330,70.1861,-60.0000,56.2431
27340,69.9307,-60.0000,55.8843
27350,69.2986,-60.0000,55.2745
27360,68.6681,-60.0000,54.6591
27370,68.0426,-60.0000,54.0386
27380,67.4184,-60.0000,53.4168
27390,66.8669,-60.0000,52.8663
27400,66.8482,-60.0000,52.8476
27410,66.8482,-60.0000,52.8476
27420,66.8482,-60.0000,52.8476
27430,66.8482,-60.0000,52.8476
27440,66.8482,-60.0000,52.8476
27450,66.8482,-60.0000,52.8476
27460,66.8482,-60.0000,52.8476
27470,66.8482,-60.0000,52.8476
27480,67.2378,-60.0000,53.3037
27490,67.8774,-60.0000,53.9083
27500,68.5095,-60.0000,54.5221
27510,69.1363,-60.0000,55.1411
27520,69.7606,-60.0000,55.7629
27530,70.3843,-60.0000,56.3852
27540,71.0076,-60.0000,57.0079
27550,71.8082,-60.0000,57.3236
27560,72.5653,-60.0000,57.7353
27570,73.1686,-60.0000,58.2282
27580,73.1890,-60.0000,58.2423
27590,73.1890,-60.0000,58.2423
27600,73.1890,-60.0000,58.2423
27610,73.1890,-60.0000,58.2423
27620,73.6348,-60.0000,57.9898
27630,74.3692,-60.0000,57.5131
27640,75.0261,-60.0000,56.9262
27650,75.6625,-60.0000,56.3170
27660,76.2135,-60.0000,55.6550
27670,76.4222,-60.0000,54.8024
27680,76.4681,-60.0000,53.9241
27690,76.4791,-60.0000,53.0436
27700,76.8541,-60.0000,52.2920
27710,77.2487,-60.0000,51.8073
27720,77.2487,-60.0000,51.8040
27730,77.2487,-60.0000,51.8040
27740,77.2487,-60.0000,51.8040
27750,77.2487,-60.0000,51.8040
27760,77.8495,-60.0000,52.1381
27770,78.5553,-60.0000,52.6564
27780,79.2098,-60.0000,53.2460
27790,79.8422,-60.0000,53.8594
27800,80.1669,-60.0000,54.1726
27810,80.1669,-60.0000,54.1726
27820,80.1669,-60.0000,54.1726
27830,80.1669,-60.0000,54.1726
27840,80.1669,-60.0000,54.1726
27850,80.1390,-60.0000,54.2013
27860,79.3632,-60.0000,54.4225
27870,78.4848,-60.0000,54.4722
27880,77.6403,-60.0000,54.5885
27890,76.9512,-60.0000,55.1314
27900,76.1267,-60.0000,55.3862
27910,75.2522,-60.0000,55.4669
27920,74.3717,-60.0000,55.4796
27930,73.5575,-60.0000,55.6870
27940,72.8904,-60.0000,56.1974
27950,72.8487,-60.0000,56.2271
27960,72.8487,-60.0000,56.2271
27970,72.8487,-60.0000,56.2271
27980,72.8487,-60.0000,56.2271
27990,72.8487,-60.0000,56.2271
28000,72.5157,-60.0000,56.2945
28010,71.6540,-60.0000,56.4432
28020,70.7746,-60.0000,56.4709
28030,69.8940,-60.0000,56.4826
28040,69.1768,-60.0000,56.9591
28050,68.4042,-60.0000,57.3294
28060,67.5347,-60.0000,57.4582
28070,66.6547,-60.0000,57.4743
28080,65.7819,-60.0000,57.5085
28090,65.0820,-60.0000,58.0235
28100,64.8675,-60.0000,58.1962
28110,64.8675,-60.0000,58.1962
28120,64.8675,-60.0000,58.1962
28130,64.8675,-60.0000,58.1962
28140,64.8675,-60.0000,58.1962
28150,64.8675,-60.0000,58.1962
28160,64.8675,-60.0000,58.1962
28170,64.8931,-60.0000,58.0674
28180,65.4987,-60.0000,57.4699
28190,66.1411,-60.0000,56.8736
28200,66.9799,-60.0000,56.6283
28210,67.8538,-60.0000,56.5408
28220,68.7339,-60.0000,56.5250
28230,69.5284,-60.0000,56.2624
28240,70.1417,-60.0000,55.7827
28250,70.1377,-60.0000,55.7375
28260,69.3497,-60.0000,55.5672
28270,68.4706,-60.0000,55.5239
28280,67.6390,-60.0000,55.3662
28290,66.9372,-60.0000,54.8367
28300,66.8573,-60.0000,54.7779
28310,66.8573,-60.0000,54.7779
28320,66.8573,-60.0000,54.7779
28330,66.3554,-60.0000,54.6751
28340,65.4873,-60.0000,54.5482
28350,64.6076,-60.0000,54.5287
28360,63.7270,-60.0000,54.5174
28370,62.8461,-60.0000,54.5107
28380,61.9651,-60.0000,54.5067
28390,61.7762,-60.0000,54.5062
28400,61.7762,-60.0000,54.5062
28410,61.7762,-60.0000,54.5062
28420,61.5082,-60.0000,54.7149
28430,60.8486,-60.0000,55.2285
28440,60.8926,-60.0000,55.4116
28450,61.3204,-60.0000,56.1612
28460,61.8962,-60.0000,56.8263
28470,62.4969,-60.0000,57.4706
28480,63.1117,-60.0000,58.1016
28490,63.7320,-60.0000,58.7273
28500,64.1727,-60.0000,59.1707
28510,64.1758,-60.0000,59.1738
28520,64.1758,-60.0000,59.1738
28530,64.1758,-60.0000,59.1738
28540,64.1758,-60.0000,59.1738
28550,64.1758,-60.0000,59.1738
28560,64.1758,-60.0000,59.1738
28570,64.1758,-60.0000,59.1738
28580,64.1758,-60.0000,59.1738
28590,64.1758,-60.0000,59.1738
28600,64.1576,-60.0000,59.2094
28610,63.7838,-60.0000,59.9430
28620,63.2604,-60.0000,60.6441
28630,62.6697,-60.0000,61.2977
28640,62.0558,-60.0000,61.9295
28650,61.4369,-60.0000,62.5567
28660,60.8159,-60.0000,63.1817
28670,60.1936,-60.0000,63.8053
28680,59.5709,-60.0000,64.4287
28690,58.9481,-60.0000,65.0518
28700,58.3251,-60.0000,65.6749
28710,57.7021,-60.0000,66.2979
28720,57.0791,-60.0000,66.9209
28730,56.8209,-60.0000,67.1791
28740,56.8209,-60.0000,67.1791
28750,56.8209,-60.0000,67.1791
28760,56.8209,-60.0000,67.1791
28770,56.8209,-60.0000,67.1791
28780,56.8209,-60.0000,67.1791
28790,56.8209,-60.0000,67.1791
28800,56.8209,-60.0000,67.1791
28810,56.8209,-60.0000,67.1791
28820,56.8209,-60.0000,67.1791
28830,56.8209,-60.0000,67.1791
28840,56.8209,-60.0000,67.1791
28850,56.8209,-60.0000,67.1791
28860,56.8209,-60.0000,67.1791
28870,56.8209,-60.0000,67.1791
28880,56.8209,-60.0000,67.1791
28890,57.0552,-60.0000,67.6347
28900,57.5086,-60.0000,68.3821
28910,58.0919,-60.0000,69.0420
28920,58.7001,-60.0000,69.6793
28930,59.3167,-60.0000,70.3086
28940,59.9376,-60.0000,70.9337
28950,60.5595,-60.0000,71.5578
28960,61.2076,-60.0000,72.1386
28970,62.0500,-60.0000,72.3821
28980,62.9257,-60.0000,72.4628
28990,63.6807,-60.0000,72.8481
29000,64.1701,-60.0000,73.2369
29010,64.1734,-60.0000,73.2369
29020,64.1734,-60.0000,73.2369
29030,64.1734,-60.0000,73.2369
29040,64.1734,-60.0000,73.2369
29050,64.1734,-60.0000,73.2369
29060,64.1734,-60.0000,73.2369
29070,64.1734,-60.0000,73.2369
29080,64.1734,-60.0000,73.2369
29090,64.1734,-60.0000,73.2369
29100,64.1734,-60.0000,73.2369
29110,64.1734,-60.0000,73.2369
29120,64.1734,-60.0000,73.2369
29130,64.1734,-60.0000,73.2369
29140,64.1734,-60.0000,73.2369
29150,64.2024,-60.0000,73.2644
29160,64.7987,-60.0000,73.8322
29170,65.4315,-60.0000,74.4450
29180,66.0585,-60.0000,75.0640
29190,66.6829,-60.0000,75.6855
29200,67.3067,-60.0000,76.3077
29210,67.9300,-60.0000,76.9304
29220,68.5532,-60.0000,77.5533
29230,69.0889,-60.0000,78.1412
29240,68.7695,-60.0000,78.9143
29250,68.5808,-60.0000,79.7653
29260,68.5265,-60.0000,80.6434
29270,68.3154,-60.0000,81.4560
29280,67.7999,-60.0000,82.1192
29290,67.7700,-60.0000,82.1606
29300,67.7700,-60.0000,82.1606
29310,67.7700,-60.0000,82.1606
29320,67.7700,-60.0000,82.1606
29330,67.7700,-60.0000,82.1606
29340,67.7700,-60.0000,82.1606
29350,67.7700,-60.0000,82.1606
29360,67.7700,-60.0000,82.1606
29370,67.7700,-60.0000,82.1606
29380,67.7700,-60.0000,82.1606
29390,67.7700,-60.0000,82.1606
29400,67.7700,-60.0000,82.1606
29410,67.7700,-60.0000,82.1606
29420,67.7700,-60.0000,82.1606
29430,67.7700,-60.0000,82.1606
29440,67.7700,-60.0000,82.1606
29450,67.7700,-60.0000,82.1606
29460,67.7700,-60.0000,82.1606
29470,67.7700,-60.0000,82.1606
29480,67.9000,-60.0000,82.1343
29490,68.4978,-60.0000,81.5287
29500,69.1125,-60.0000,80.8977
29510,69.7328,-60.0000,80.2719
29520,70.3542,-60.0000,79.6474
29530,70.9768,-60.0000,79.0239
29540,71.5996,-60.0000,78.4007
29550,72.1504,-60.0000,77.8496
29560,72.1691,-60.0000,77.8309
29570,72.1691,-60.0000,77.8309
29580,72.1691,-60.0000,77.8309
29590,72.1691,-60.0000,77.8309
29600,72.1691,-60.0000,77.8309
29610,72.1691,-60.0000,77.8309
29620,72.1691,-60.0000,77.8309
29630,72.1691,-60.0000,77.8309
29640,72.1691,-60.0000,77.8309
29650,72.1691,-60.0000,77.8309
29660,72.1691,-60.0000,77.8309
29670,72.1691,-60.0000,77.8309
29680,72.1691,-60.0000,77.8309
29690,72.1691,-60.0000,77.8309
29700,72.1691,-60.0000,77.8309
29710,72.1691,-60.0000,77.8309
29720,72.1691,-60.0000,77.8309
29730,72.1691,-60.0000,77.8309
29740,72.1691,-60.0000,77.8309
29750,72.1691,-60.0000,77.8309
29760,72.1691,-60.0000,77.8309
29770,72.1691,-60.0000,77.8309
29780,72.1691,-60.0000,77.8309
29790,72.1691,-60.0000,77.8309
29800,72.1691,-60.0000,77.8309
29810,72.1691,-60.0000,77.8309
29820,72.1691,-60.0000,77.8309
29830,72.1691,-60.0000,77.8309
29840,72.1691,-60.0000,77.8309
29850,72.1691,-60.0000,77.8309
29860,72.1691,-60.0000,77.8309
29870,72.1691,-60.0000,77.8309
29880,72.1691,-60.0000,77.8309
29890,72.1691,-60.0000,77.8309
29900,72.1691,-60.0000,77.8309
29910,72.2049,-60.0000,77.8489
29920,72.9405,-60.0000,78.2187
29930,73.6428,-60.0000,78.7402
29940,74.2969,-60.0000,79.3302
29950,74.9290,-60.0000,79.9440
29960,75.5562,-60.0000,80.5627
29970,76.1812,-60.0000,81.1837
29980,76.8049,-60.0000,81.8061
29990,77.4282,-60.0000,82.4287
30000,78.0514,-60.0000,83.0515
30010,78.6745,-60.0000,83.6745
30020,79.2975,-60.0000,84.2975
30030,79.9205,-60.0000,84.9205
30040,80.5435,-60.0000,85.5435
30050,81.1665,-60.0000,86.1665
30060,81.7895,-60.0000,86.7895
30070,82.1723,-60.0000,87.1722
30080,82.1723,-60.0000,87.1722
30090,82.1723,-60.0000,87.1722
30100,82.1723,-60.0000,87.1722
30110,82.1723,-60.0000,87.1722
30120,82.1723,-60.0000,87.1722
30130,82.1723,-60.0000,87.1722
30140,82.1723,-60.0000,87.1722
30150,82.1723,-60.0000,87.1722
30160,82.1723,-60.0000,87.1722
30170,82.1723,-60.0000,87.1722
30180,82.1723,-60.0000,87.1722
30190,82.1723,-60.0000,87.1722
30200,82.2144,-60.0000,87.3427
30210,82.4146,-60.0000,88.1825
30220,82.4664,-60.0000,89.0603
30230,82.4779,-60.0000,89.9409
30240,82.4863,-60.0000,90.8216
30250,82.1848,-60.0000,91.6025
30260,81.7216,-60.0000,92.3354
30270,81.5591,-60.0000,93.1991
30280,81.5276,-60.0000,94.0783
30290,81.5180,-60.0000,94.9590
30300,81.1435,-60.0000,95.7107
30310,80.8047,-60.0000,96.1305
30320,80.8047,-60.0000,96.1305
30330,80.8047,-60.0000,96.1305
30340,80.8047,-60.0000,96.1305
30350,80.8047,-60.0000,96.1305
30360,80.8047,-60.0000,96.1305
30370,80.8047,-60.0000,96.1305
30380,80.8047,-60.0000,96.1305
30390,80.8047,-60.0000,96.1305
30400,80.8047,-60.0000,96.1305
30410,80.8047,-60.0000,96.1305
30420,80.8047,-60.0000,96.1305
30430,80.8047,-60.0000,96.1305
30440,80.7662,-60.0000,96.1414
30450,79.9740,-60.0000,96.3658
30460,79.1020,-60.0000,96.4640
30470,78.2217,-60.0000,96.4771
30480,77.3409,-60.0000,96.4862
30490,76.4600,-60.0000,96.4916
30500,75.8348,-60.0000,96.4941
30510,75.8305,-60.0000,96.4941
30520,75.8305,-60.0000,96.4941
30530,75.8305,-60.0000,96.4941
30540,75.8305,-60.0000,96.4941
30550,75.8305,-60.0000,96.4941
30560,75.8305,-60.0000,96.4941
30570,75.8305,-60.0000,96.4941
30580,75.8305,-60.0000,96.4941
30590,75.8305,-60.0000,96.4941
30600,75.8305,-60.0000,96.4941
30610,75.8305,-60.0000,96.4941
30620,75.8305,-60.0000,96.4941
30630,75.8305,-60.0000,96.4941
30640,75.8305,-60.0000,96.4941
30650,75.8305,-60.0000,96.4941
30660,75.8305,-60.0000,96.4941
30670,75.8305,-60.0000,96.4941
30680,75.8305,-60.0000,96.4941
30690,75.8305,-60.0000,96.4941
30700,75.8305,-60.0000,96.4941
30710,75.8310,-60.0000,96.5341
30720,76.6044,-60.0000,96.5475
30730,77.4839,-60.0000,96.5283
30740,78.3315,-60.0000,96.6213
30750,79.0365,-60.0000,97.1439
30760,79.8656,-60.0000,97.3891
30770,80.7406,-60.0000,97.4671
30780,81.6210,-60.0000,97.4796
30790,82.4358,-60.0000,97.6862
30800,83.1043,-60.0000,98.1949
30810,83.1460,-60.0000,98.2244
30820,83.1460,-60.0000,98.2244
30830,83.3933,-60.0000,98.4574
30840,84.0309,-60.0000,99.0580
30850,84.6615,-60.0000,99.6732
30860,85.2883,-60.0000,100.2924
30870,85.9124,-60.0000,100.9143
30880,86.3015,-60.0000,101.6707
30890,86.6412,-60.0000,102.4614
30900,87.1757,-60.0000,103.1100
30910,87.2067,-60.0000,103.1506
30920,87.2067,-60.0000,103.1506
30930,87.2067,-60.0000,103.1506
30940,87.2067,-60.0000,103.1506
30950,87.2067,-60.0000,103.1506
30960,87.2067,-60.0000,103.1506
30970,87.2067,-60.0000,103.1506
30980,87.2067,-60.0000,103.1506
30990,87.2067,-60.0000,103.1506
31000,87.2067,-60.0000,103.1506
31010,87.2067,-60.0000,103.1506
31020,87.2067,-60.0000,103.1506
31030,87.2067,-60.0000,103.1506
31040,87.2067,-60.0000,103.1506
31050,87.2067,-60.0000,103.1506
31060,87.2067,-60.0000,103.1506
31070,87.2067,-60.0000,103.1506
31080,87.2067,-60.0000,103.1506
31090,87.5612,-60.0000,103.5204
31100,88.1702,-60.0000,104.1550
31110,88.7892,-60.0000,104.7819
31120,89.4100,-60.0000,105.4072
31130,90.0322,-60.0000,106.0310
31140,90.6549,-60.0000,106.6543
31150,91.2777,-60.0000,107.2774
31160,91.9006,-60.0000,107.9005
31170,92.5236,-60.0000,108.5235
31180,93.1466,-60.0000,109.1465
31190,93.7696,-60.0000,109.7695
31200,94.3926,-60.0000,110.3925
31210,95.0156,-60.0000,111.0155
31220,95.6386,-60.0000,111.6385
31230,96.1375,-60.0000,112.1374
31240,96.1460,-60.0000,112.1459
31250,96.1460,-60.0000,112.1459
31260,96.1460,-60.0000,112.1459
31270,96.1460,-60.0000,112.1459
31280,96.1460,-60.0000,112.1459
31290,96.1460,-60.0000,112.1459
31300,96.1460,-60.0000,112.1459
31310,96.1460,-60.0000,112.1459
31320,96.1460,-60.0000,112.1459
31330,96.1460,-60.0000,112.1459
31340,96.1460,-60.0000,112.1459
31350,96.1460,-60.0000,112.1459
31360,96.1460,-60.0000,112.1459
31370,96.1460,-60.0000,112.1459
31380,95.9254,-60.0000,112.6083
31390,95.4903,-60.0000,113.3654
31400,94.9124,-60.0000,114.0300
31410,94.3064,-60.0000,114.6693
31420,93.6914,-60.0000,115.3002
31430,93.0707,-60.0000,115.9255
31440,92.4488,-60.0000,116.5496
31450,91.8438,-60.0000,117.1833
31460,91.6095,-60.0000,118.0244
31470,91.1304,-60.0000,118.7449
31480,90.7865,-60.0000,119.1606
31490,90.7865,-60.0000,119.1606
31500,90.7865,-60.0000,119.1606
31510,90.7865,-60.0000,119.1606
31520,90.7865,-60.0000,119.1606
31530,90.7865,-60.0000,119.1606
31540,90.7865,-60.0000,119.1606
31550,90.8690,-60.0000,119.3156
31560,91.2752,-60.0000,120.0780
31570,91.8372,-60.0000,120.7532
31580,92.4330,-60.0000,121.4020
31590,93.0469,-60.0000,122.0339
31600,93.6662,-60.0000,122.6606
31610,94.2874,-60.0000,123.2854
31620,94.9099,-60.0000,123.9089
31630,95.5326,-60.0000,124.5322
31640,96.1272,-60.0000,125.1270
31650,96.1645,-60.0000,125.1643
31660,96.1645,-60.0000,125.1643
31670,96.1645,-60.0000,125.1643
31680,96.2003,-60.0000,125.1465
31690,96.9375,-60.0000,124.7798
31700,97.3530,-60.0000,124.0778
31710,97.8020,-60.0000,123.3406
31720,98.2010,-60.0000,122.8595
31730,98.2010,-60.0000,122.8562
31740,98.2010,-60.0000,122.8562
31750,98.2010,-60.0000,122.8562
31760,98.2010,-60.0000,122.8562
31770,98.1204,-60.0000,122.7002
31780,97.7237,-60.0000,121.9328
31790,97.1651,-60.0000,121.2550
31800,96.5711,-60.0000,120.6046
31810,95.9579,-60.0000,119.9720
31820,95.3388,-60.0000,119.3451
31830,94.7178,-60.0000,118.7201
31840,94.0954,-60.0000,118.0965
31850,93.4727,-60.0000,117.4732
31860,92.8781,-60.0000,116.8784
31870,92.8409,-60.0000,116.8411
31880,93.1808,-60.0000,117.1010
31890,93.7803,-60.0000,117.7423
31900,94.2414,-60.0000,118.4629
31910,94.5218,-60.0000,119.2846
31920,95.0697,-60.0000,119.9725
31930,95.3659,-60.0000,120.7783
31940,95.4632,-60.0000,121.6511
31950,95.4774,-60.0000,122.5314
31960,95.6349,-60.0000,123.3630
31970,96.1645,-60.0000,124.0647
31980,96.2234,-60.0000,124.1445
31990,96.2234,-60.0000,124.1445
32000,96.2234,-60.0000,124.1445
32010,96.2234,-60.0000,124.1445
32020,96.2234,-60.0000,124.1445
32030,96.2234,-60.0000,124.1445
32040,96.2234,-60.0000,124.1445
32050,96.2234,-60.0000,124.1445
32060,96.2234,-60.0000,124.1445
32070,96.2234,-60.0000,124.1445
32080,96.2234,-60.0000,124.1445
32090,96.2234,-60.0000,124.1445
32100,96.2234,-60.0000,124.1445
32110,96.2234,-60.0000,124.1445
32120,96.2234,-60.0000,124.1445
32130,96.2234,-60.0000,124.1445
32140,96.2234,-60.0000,124.1445
32150,96.2234,-60.0000,124.1445
32160,96.2234,-60.0000,124.1445
32170,96.2234,-60.0000,124.1445
32180,96.2234,-60.0000,124.1445
32190,96.2234,-60.0000,124.1445
32200,96.2234,-60.0000,124.1445
32210,96.2234,-60.0000,124.1445
32220,96.2234,-60.0000,124.1445
32230,96.2234,-60.0000,124.1445
32240,95.8087,-60.0000,123.8395
32250,95.7937,-60.0000,123.8209
32260,95.7937,-60.0000,123.8209
32270,95.7937,-60.0000,123.8209
32280,95.7937,-60.0000,123.8209
32290,95.7937,-60.0000,123.8209
32300,95.7643,-60.0000,123.8480
32310,95.5664,-60.0000,124.6308
32320,95.5241,-60.0000,125.5099
32330,95.5143,-60.0000,126.3906
32340,95.5087,-60.0000,127.2716
32350,95.5283,-60.0000,128.1455
32360,96.0190,-60.0000,128.8643
32370,96.2366,-60.0000,129.1555
32380,96.2366,-60.0000,129.1555
32390,96.2366,-60.0000,129.1555
32400,96.2366,-60.0000,129.1555
32410,96.2366,-60.0000,129.1555
32420,96.2366,-60.0000,129.1555
32430,96.3351,-60.0000,129.6583
32440,96.4532,-60.0000,130.5273
32450,96.4707,-60.0000,131.4072
32460,96.5422,-60.0000,132.2677
32470,97.0697,-60.0000,132.9650
32480,97.3644,-60.0000,133.7721
32490,97.4622,-60.0000,134.6449
32500,97.4766,-60.0000,135.5252
32510,97.6339,-60.0000,136.3570
32520,98.1622,-60.0000,137.0597
32530,98.2209,-60.0000,137.1397
32540,98.2209,-60.0000,137.1397
32550,98.2209,-60.0000,137.1397
32560,98.2209,-60.0000,137.1397
32570,98.2209,-60.0000,137.1397
32580,98.2209,-60.0000,137.1397
32590,98.2209,-60.0000,137.1397
32600,98.2209,-60.0000,137.1397
32610,98.2209,-60.0000,137.1397
32620,98.2209,-60.0000,137.1397
32630,98.2209,-60.0000,137.1397
32640,98.2209,-60.0000,137.1397
32650,98.2209,-60.0000,137.1397
32660,98.2209,-60.0000,137.1397
32670,98.2209,-60.0000,137.1397
32680,98.2209,-60.0000,137.1397
32690,98.2483,-60.0000,137.1689
32700,98.8124,-60.0000,137.7687
32710,99.2662,-60.0000,138.4923
32720,99.4379,-60.0000,139.3537
32730,99.4685,-60.0000,140.2331
32740,99.4813,-60.0000,141.1137
32750,99.9599,-60.0000,141.8292
32760,100.2413,-60.0000,142.1823
32770,100.2413,-60.0000,142.1823
32780,100.2413,-60.0000,142.1823
32790,100.2413,-60.0000,142.1823
32800,100.2413,-60.0000,142.1823
32810,100.2413,-60.0000,142.1823
32820,100.2413,-60.0000,142.1823
32830,100.2413,-60.0000,142.1823
32840,100.2413,-60.0000,142.1823
32850,100.2413,-60.0000,142.1823
32860,100.2413,-60.0000,142.1823
32870,100.2413,-60.0000,142.1823
32880,100.2413,-60.0000,142.1823
32890,100.2413,-60.0000,142.1823
32900,100.2413,-60.0000,142.1823
32910,100.2413,-60.0000,142.1823
32920,100.2413,-60.0000,142.1823
32930,100.2413,-60.0000,142.1823
32940,100.5707,-60.0000,142.2654
32950,101.3720,-60.0000,142.5765
32960,102.0546,-60.0000,143.1322
32970,102.1323,-60.0000,143.1936
32980,102.1323,-60.0000,143.1936
32990,102.1323,-60.0000,143.1936
33000,102.1323,-60.0000,143.1936
33010,101.9091,-60.0000,143.6548
33020,101.4692,-60.0000,144.4089
33030,100.8855,-60.0000,145.0684
33040,100.2749,-60.0000,145.7034
33050,99.5925,-60.0000,146.2203
33060,98.7597,-60.0000,146.4789
33070,98.0725,-60.0000,147.0255
33080,97.8592,-60.0000,147.1995
33090,97.8592,-60.0000,147.1995
33100,97.8592,-60.0000,147.1995
33110,97.8592,-60.0000,147.1995
33120,97.8592,-60.0000,147.1995
33130,97.8592,-60.0000,147.1995
33140,97.8592,-60.0000,147.1995
33150,97.8592,-60.0000,147.1995
33160,97.8592,-60.0000,147.1995
33170,97.8592,-60.0000,147.1995
33180,97.8592,-60.0000,147.1995
33190,97.8592,-60.0000,147.1995
33200,97.8592,-60.0000,147.1995
33210,97.8592,-60.0000,147.1995
33220,97.8592,-60.0000,147.1995
33230,97.8592,-60.0000,147.1995
33240,97.8592,-60.0000,147.1995
33250,97.8592,-60.0000,147.1995
33260,97.8592,-60.0000,147.1995
33270,97.8592,-60.0000,147.1995
33280,97.8592,-60.0000,147.1995
33290,97.8592,-60.0000,147.1995
33300,97.8592,-60.0000,147.1995
33310,97.8592,-60.0000,147.1995
33320,97.8592,-60.0000,147.1995
33330,97.8592,-60.0000,147.1995
33340,97.8592,-60.0000,147.1995
33350,97.8592,-60.0000,147.1995
33360,97.8592,-60.0000,147.1995
33370,97.8592,-60.0000,147.1995
33380,97.8592,-60.0000,147.1995
33390,97.8592,-60.0000,147.1995
33400,97.3625,-60.0000,147.6748
33410,96.7282,-60.0000,148.2856
33420,96.1016,-60.0000,148.9050
33430,95.4766,-60.0000,149.5260
33440,94.8811,-60.0000,150.1200
33450,94.8438,-60.0000,150.1572
33460,94.8438,-60.0000,150.1572
33470,94.8438,-60.0000,150.1572
33480,94.8438,-60.0000,150.1572
33490,94.8438,-60.0000,150.1572
33500,94.8438,-60.0000,150.1572
33510,94.8438,-60.0000,150.1572
33520,94.8438,-60.0000,150.1572
33530,94.8438,-60.0000,150.1572
33540,94.8438,-60.0000,150.1572
33550,94.8438,-60.0000,150.1572
33560,94.8438,-60.0000,150.1572
33570,94.8438,-60.0000,150.1572
33580,94.8438,-60.0000,150.1572
33590,94.8438,-60.0000,150.1572
33600,94.8438,-60.0000,150.1572
33610,94.8438,-60.0000,150.1572
33620,94.8438,-60.0000,150.1572
33630,94.8438,-60.0000,150.1572
33640,94.8438,-60.0000,150.1572
33650,94.8438,-60.0000,150.1572
33660,94.8438,-60.0000,150.1572
33670,94.8438,-60.0000,150.1572
33680,94.8438,-60.0000,150.1572
33690,94.2262,-60.0000,149.8552
33700,93.3953,-60.0000,149.6019
33710,92.5186,-60.0000,149.5280
33720,91.6728,-60.0000,149.4138
33730,90.9768,-60.0000,148.8794
33740,90.1515,-60.0000,148.6228
33750,89.2775,-60.0000,148.5382
33760,88.3972,-60.0000,148.5239
33770,87.5696,-60.0000,148.3602
33780,86.8825,-60.0000,147.8120
33790,86.8044,-60.0000,147.7510
33800,86.8044,-60.0000,147.7510
33810,86.8044,-60.0000,147.7510
33820,86.6307,-60.0000,148.1408
33830,86.6307,-60.0000,148.1446
33840,86.6307,-60.0000,148.1446
33850,86.6307,-60.0000,148.1446
33860,86.6307,-60.0000,148.1446
33870,86.6307,-60.0000,148.1446
33880,86.6307,-60.0000,148.1446
33890,86.6307,-60.0000,148.1446
33900,86.6307,-60.0000,148.1446
33910,86.6307,-60.0000,148.1446
33920,86.6307,-60.0000,148.1446
33930,86.6307,-60.0000,148.1446
33940,86.6307,-60.0000,148.1446
33950,86.6307,-60.0000,148.1446
33960,86.6307,-60.0000,148.1446
33970,86.6307,-60.0000,148.1446
33980,86.6307,-60.0000,148.1446
33990,86.6307,-60.0000,148.1446
34000,86.6307,-60.0000,148.1446
34010,86.6307,-60.0000,148.1446
34020,86.6307,-60.0000,148.1446
34030,86.6307,-60.0000,148.1446
34040,86.6307,-60.0000,148.1446
34050,86.6307,-60.0000,148.1446
34060,86.6307,-60.0000,148.1446
34070,86.6307,-60.0000,148.1446
34080,86.6307,-60.0000,148.1446
34090,86.6307,-60.0000,148.1446
34100,86.6307,-60.0000,148.1446
34110,86.6307,-60.0000,148.1446
34120,86.6307,-60.0000,148.1446
34130,86.6307,-60.0000,148.1446
34140,86.6307,-60.0000,148.1446
34150,86.6307,-60.0000,148.1446
34160,86.6307,-60.0000,148.1446
34170,86.6307,-60.0000,148.1446
34180,86.6307,-60.0000,148.1446
34190,86.6307,-60.0000,148.1446
34200,86.6307,-60.0000,148.1446
34210,86.6307,-60.0000,148.1446
34220,86.6307,-60.0000,148.1446
34230,86.6307,-60.0000,148.1446
34240,86.6307,-60.0000,148.1446
34250,86.6307,-60.0000,148.1446
34260,86.6020,-60.0000,148.6543
34270,86.5492,-60.0000,149.5286
34280,86.5309,-60.0000,150.4085
34290,86.5790,-60.0000,151.2700
34300,87.0945,-60.0000,151.9767
34310,87.4320,-60.0000,152.2376
34320,88.2736,-60.0000,152.4263
34330,89.1522,-60.0000,152.4658
34340,90.0328,-60.0000,152.4785
34350,90.9136,-60.0000,152.4865
34360,91.6722,-60.0000,152.8514
34370,92.1645,-60.0000,153.2364
34380,92.1678,-60.0000,153.2364
34390,92.1678,-60.0000,153.2364
34400,92.1678,-60.0000,153.2364
34410,92.5011,-60.0000,153.3024
34420,93.3635,-60.0000,153.4475
34430,94.2431,-60.0000,153.4698
34440,95.1237,-60.0000,153.4822
34450,96.0046,-60.0000,153.4886
34460,96.7444,-60.0000,153.9068
34470,97.1704,-60.0000,154.2381
34480,97.2977,-60.0000,154.3590
34490,97.9244,-60.0000,154.9536
34500,98.5555,-60.0000,155.5682
34510,99.1824,-60.0000,156.1873
34520,99.8067,-60.0000,156.8091
34530,100.4304,-60.0000,157.4313
34540,101.0537,-60.0000,158.0540
34550,101.6768,-60.0000,158.6769
34560,102.2999,-60.0000,159.2999
34570,102.9229,-60.0000,159.9229
34580,103.5459,-60.0000,160.5459
34590,104.1406,-60.0000,161.1406
34600,104.1779,-60.0000,161.1779
34610,104.1779,-60.0000,161.1779
34620,104.1779,-60.0000,161.1779
34630,104.1779,-60.0000,161.1779
34640,104.1779,-60.0000,161.1779
34650,104.1779,-60.0000,161.1779
34660,104.1779,-60.0000,161.1779
34670,104.1779,-60.0000,161.1779
34680,104.1779,-60.0000,161.1779
34690,104.1779,-60.0000,161.1779
34700,104.1779,-60.0000,161.1779
34710,104.1779,-60.0000,161.1779
34720,104.1779,-60.0000,161.1779
34730,104.1779,-60.0000,161.1779
34740,104.1779,-60.0000,161.1779
34750,104.1779,-60.0000,161.1779
34760,104.1779,-60.0000,161.1779
34770,104.1779,-60.0000,161.1779
34780,104.1779,-60.0000,161.1779
34790,104.3485,-60.0000,161.2194
34800,105.1888,-60.0000,161.4172
34810,106.0667,-60.0000,161.4655
34820,106.9472,-60.0000,161.4773
34830,107.8280,-60.0000,161.4860
34840,108.7089,-60.0000,161.4912
34850,109.5900,-60.0000,161.4945
34860,110.4710,-60.0000,161.4967
34870,111.3521,-60.0000,161.4979
34880,112.1313,-60.0000,161.4986
34890,112.1577,-60.0000,161.4986
34900,112.1577,-60.0000,161.4986
34910,112.1577,-60.0000,161.4986
34920,112.1577,-60.0000,161.4986
34930,112.1577,-60.0000,161.4986
34940,112.1577,-60.0000,161.4986
34950,112.1577,-60.0000,161.4986
34960,112.1577,-60.0000,161.4986
34970,112.1577,-60.0000,161.4986
34980,112.1577,-60.0000,161.4986
34990,112.1577,-60.0000,161.4986
35000,112.1577,-60.0000,161.4986
35010,112.1577,-60.0000,161.4986
35020,112.1577,-60.0000,161.4986
35030,112.1577,-60.0000,161.4986
35040,112.1577,-60.0000,161.4986
35050,112.1577,-60.0000,161.4986
35060,112.1577,-60.0000,161.4986
35070,112.1577,-60.0000,161.4986
35080,112.1577,-60.0000,161.4986
35090,112.1577,-60.0000,161.4986
35100,112.1577,-60.0000,161.4986
35110,112.1577,-60.0000,161.4986
35120,112.1577,-60.0000,161.4986
35130,112.1577,-60.0000,161.4986
35140,112.1577,-60.0000,161.4986
35150,112.1577,-60.0000,161.4986
35160,112.1577,-60.0000,161.4986
35170,112.1577,-60.0000,161.4986
35180,112.1577,-60.0000,161.4986
35190,112.1577,-60.0000,161.4986
35200,112.1577,-60.0000,161.4986
35210,112.1577,-60.0000,161.4986
35220,112.1577,-60.0000,161.4986
35230,112.1577,-60.0000,161.4986
35240,112.1577,-60.0000,161.4986
35250,112.1577,-60.0000,161.4986
35260,112.1577,-60.0000,161.4986
35270,112.1577,-60.0000,161.4986
35280,112.1577,-60.0000,161.4986
35290,112.1577,-60.0000,161.4986
35300,112.2986,-60.0000,161.3938
35310,112.9917,-60.0000,160.8781
35320,113.6502,-60.0000,160.2942
35330,114.2909,-60.0000,159.6895
35340,114.9191,-60.0000,159.0718
35350,115.5449,-60.0000,158.4516
35360,116.1690,-60.0000,157.8297
35370,116.7923,-60.0000,157.2070
35380,117.4155,-60.0000,156.5842
35390,118.0386,-60.0000,155.9613
35400,118.6616,-60.0000,155.3383
35410,119.2846,-60.0000,154.7153
35420,119.9076,-60.0000,154.0923
35430,120.1658,-60.0000,153.8341
35440,120.1658,-60.0000,153.8341
35450,120.1658,-60.0000,153.8341
35460,120.1658,-60.0000,153.8341
35470,120.1658,-60.0000,153.8341
35480,120.1658,-60.0000,153.8341
35490,120.1658,-60.0000,153.8341
35500,120.1658,-60.0000,153.8341
35510,120.1658,-60.0000,153.8341
35520,120.1658,-60.0000,153.8341
35530,120.1658,-60.0000,153.8341
35540,120.1658,-60.0000,153.8341
35550,120.1658,-60.0000,153.8341
35560,120.1658,-60.0000,153.8341
35570,120.1658,-60.0000,153.8341
35580,120.6242,-60.0000,154.0629
35590,121.3755,-60.0000,154.5090
35600,122.0373,-60.0000,155.0902
35610,122.6754,-60.0000,155.6975
35620,123.3696,-60.0000,156.2032
35630,124.2212,-60.0000,156.4214
35640,125.0991,-60.0000,156.4690
35650,125.9797,-60.0000,156.4799
35660,126.7217,-60.0000,156.8958
35670,127.1494,-60.0000,157.2248
35680,127.1494,-60.0000,157.2248
35690,127.1494,-60.0000,157.2248
35700,127.1494,-60.0000,157.2248
35710,127.1494,-60.0000,157.2248
35720,127.1494,-60.0000,157.2248
35730,127.1494,-60.0000,157.2248
35740,127.1494,-60.0000,157.2248
35750,127.1494,-60.0000,157.2248
35760,127.1494,-60.0000,157.2248
35770,127.1494,-60.0000,157.2248
35780,127.1494,-60.0000,157.2248
35790,127.1494,-60.0000,157.2248
35800,127.1494,-60.0000,157.2248
35810,127.1494,-60.0000,157.2248
35820,127.1494,-60.0000,157.2248
35830,127.4487,-60.0000,157.0642
35840,128.2079,-60.0000,156.6315
35850,128.8730,-60.0000,156.0550
35860,129.6472,-60.0000,155.6909
35870,130.5143,-60.0000,155.5518
35880,131.3572,-60.0000,155.4244
35890,132.0431,-60.0000,154.8776
35900,132.8663,-60.0000,154.6185
35910,133.7404,-60.0000,154.5352
35920,134.6208,-60.0000,154.5218
35930,135.4355,-60.0000,154.3147
35940,136.1037,-60.0000,153.8057
35950,136.1454,-60.0000,153.7761
35960,136.1454,-60.0000,153.7761
35970,136.1699,-60.0000,153.8078
35980,136.3989,-60.0000,154.5851
35990,136.4709,-60.0000,155.4619
36000,136.4821,-60.0000,156.3425
36010,136.4895,-60.0000,157.2234
36020,136.4937,-60.0000,158.1044
36030,136.4960,-60.0000,158.9854
36040,136.4974,-60.0000,159.8665
36050,136.4985,-60.0000,160.7475
36060,136.2437,-60.0000,161.5435
36070,135.7667,-60.0000,162.1589
36080,135.7530,-60.0000,162.1798
36090,135.7530,-60.0000,162.1798
36100,135.7530,-60.0000,162.1798
36110,135.7530,-60.0000,162.1798
36120,135.7530,-60.0000,162.1798
36130,135.7530,-60.0000,162.1798
36140,135.9973,-60.0000,162.0479
36150,136.6035,-60.0000,161.4210
36160,137.2187,-60.0000,160.7903
36170,137.8393,-60.0000,160.1650
36180,138.4610,-60.0000,159.5406
36190,139.0835,-60.0000,158.9171
36200,139.7063,-60.0000,158.2939
36210,140.3292,-60.0000,157.6708
36220,140.9522,-60.0000,157.0478
36230,141.5752,-60.0000,156.4248
36240,142.1982,-60.0000,155.8018
36250,142.8212,-60.0000,155.1788
36260,143.1417,-60.0000,154.8583
36270,143.1417,-60.0000,154.8583
36280,143.1417,-60.0000,154.8583
36290,143.1417,-60.0000,154.8583
36300,143.1417,-60.0000,154.8583
36310,143.1417,-60.0000,154.8583
36320,143.1417,-60.0000,154.8583
36330,143.1417,-60.0000,154.8583
36340,143.1417,-60.0000,154.8583
36350,143.1417,-60.0000,154.8583
36360,143.1417,-60.0000,154.8583
36370,143.1417,-60.0000,154.8583
36380,143.1417,-60.0000,154.8583
36390,143.1417,-60.0000,154.8583
36400,143.1417,-60.0000,154.8583
36410,143.1417,-60.0000,154.8583
36420,143.1417,-60.0000,154.8583
36430,143.1417,-60.0000,154.8583
36440,143.1417,-60.0000,154.8583
36450,143.1417,-60.0000,154.8583
36460,143.1417,-60.0000,154.8583
36470,143.1417,-60.0000,154.8583
36480,143.1417,-60.0000,154.8583
36490,143.1417,-60.0000,154.8583
36500,143.1417,-60.0000,154.8583
36510,143.1417,-60.0000,154.8583
36520,143.1417,-60.0000,154.8583
36530,143.1417,-60.0000,154.8583
36540,143.1417,-60.0000,154.8583
36550,143.1417,-60.0000,154.8583
36560,143.1417,-60.0000,154.8583
36570,143.1417,-60.0000,154.8583
36580,143.1417,-60.0000,154.8583
36590,143.1417,-60.0000,154.8583
36600,143.1417,-60.0000,154.8583
36610,143.1417,-60.0000,154.8583
36620,143.1417,-60.0000,154.8583
36630,143.1417,-60.0000,154.8583
36640,143.1417,-60.0000,154.8583
36650,143.1417,-60.0000,154.8583
36660,143.1417,-60.0000,154.8583
36670,143.1417,-60.0000,154.8583
36680,143.1417,-60.0000,154.8583
36690,143.1417,-60.0000,154.8583
36700,143.1417,-60.0000,154.8583
36710,143.1417,-60.0000,154.8583
36720,143.1865,-60.0000,154.6885
36730,143.3998,-60.0000,153.8520
36740,143.4699,-60.0000,152.9748
36750,143.4853,-60.0000,152.0942
36760,143.1313,-60.0000,151.3305
36770,142.7534,-60.0000,150.8326
36780,142.7534,-60.0000,150.8292
36790,142.7534,-60.0000,150.8292
36800,142.7534,-60.0000,150.8292
36810,142.7534,-60.0000,150.8292
36820,142.7534,-60.0000,150.8292
36830,142.7534,-60.0000,150.8292
36840,142.7534,-60.0000,150.8292
36850,142.7534,-60.0000,150.8292
36860,142.7534,-60.0000,150.8292
36870,142.7534,-60.0000,150.8292
36880,142.7534,-60.0000,150.8292
36890,142.7534,-60.0000,150.8292
36900,142.7534,-60.0000,150.8292
36910,142.7534,-60.0000,150.8292
36920,142.7534,-60.0000,150.8292
36930,142.7534,-60.0000,150.8292
36940,142.7534,-60.0000,150.8292
36950,142.7534,-60.0000,150.8292
36960,143.2224,-60.0000,150.6399
36970,144.0949,-60.0000,150.5403
36980,144.9751,-60.0000,150.5207
36990,145.8559,-60.0000,150.5134
37000,146.6297,-60.0000,150.1971
37010,147.1805,-60.0000,149.7568
37020,147.1899,-60.0000,149.7519
37030,147.1899,-60.0000,149.7519
37040,147.1899,-60.0000,149.7519
37050,147.2247,-60.0000,149.7718
37060,147.9397,-60.0000,150.1800
37070,148.6315,-60.0000,150.7185
37080,149.2819,-60.0000,151.3127
37090,149.9132,-60.0000,151.9273
37100,150.5405,-60.0000,152.5459
37110,151.1652,-60.0000,153.1672
37120,151.7888,-60.0000,153.7897
37130,152.4121,-60.0000,154.4124
37140,153.0352,-60.0000,155.0352
37150,153.8382,-60.0000,155.3417
37160,154.7081,-60.0000,155.4552
37170,155.5026,-60.0000,155.7213
37180,156.1171,-60.0000,156.1995
37190,156.1379,-60.0000,156.2132
37200,156.1379,-60.0000,156.2132
37210,156.1379,-60.0000,156.2132
37220,156.1379,-60.0000,156.2132
37230,156.1379,-60.0000,156.2132
37240,156.1379,-60.0000,156.2132
37250,156.1379,-60.0000,156.2132
37260,156.1379,-60.0000,156.2132
37270,156.1379,-60.0000,156.2132
37280,156.1379,-60.0000,156.2132
37290,156.1379,-60.0000,156.2132
37300,156.1379,-60.0000,156.2132
37310,156.1379,-60.0000,156.2132
37320,156.1379,-60.0000,156.2132
37330,156.1379,-60.0000,156.2132
37340,156.1379,-60.0000,156.2132
37350,156.1379,-60.0000,156.2132
37360,155.9103,-60.0000,156.6722
37370,155.3472,-60.0000,157.2594
37380,154.4902,-60.0000,157.4351
37390,153.6468,-60.0000,157.5884
37400,152.9560,-60.0000,158.1303
37410,152.8092,-60.0000,158.2465
37420,152.8092,-60.0000,158.2465
37430,152.8092,-60.0000,158.2465
37440,152.8092,-60.0000,158.2465
37450,152.8092,-60.0000,158.2465
37460,152.8092,-60.0000,158.2465
37470,152.8092,-60.0000,158.2465
37480,152.8092,-60.0000,158.2465
37490,152.8092,-60.0000,158.2465
37500,152.8092,-60.0000,158.2465
37510,152.8092,-60.0000,158.2465
37520,152.6446,-60.0000,158.9140
37530,152.5431,-60.0000,159.7852
37540,152.5259,-60.0000,160.6651
37550,152.3127,-60.0000,161.4762
37560,151.7920,-60.0000,162.1353
37570,151.7618,-60.0000,162.1765
37580,151.7618,-60.0000,162.1765
37590,151.7618,-60.0000,162.1765
37600,151.7618,-60.0000,162.1765
37610,151.7618,-60.0000,162.1765
37620,151.7618,-60.0000,162.1765
37630,151.7618,-60.0000,162.1765
37640,151.7618,-60.0000,162.1765
37650,151.7618,-60.0000,162.1765
37660,151.6284,-60.0000,162.8509
37670,151.5628,-60.0000,163.2086
37680,151.5628,-60.0000,163.2086
37690,151.5628,-60.0000,163.2086
37700,151.5628,-60.0000,163.2086
37710,151.5628,-60.0000,163.2086
37720,151.5628,-60.0000,163.2086
37730,151.5628,-60.0000,163.2086
37740,151.5628,-60.0000,163.2086
37750,151.5628,-60.0000,163.2086
37760,151.3469,-60.0000,163.4709
37770,150.7882,-60.0000,164.1454
37780,150.1831,-60.0000,164.7856
37790,149.5702,-60.0000,165.4185
37800,148.9505,-60.0000,166.0448
37810,148.3289,-60.0000,166.6691
37820,147.7065,-60.0000,167.2928
37830,147.0837,-60.0000,167.9160
37840,146.4608,-60.0000,168.5391
37850,145.8379,-60.0000,169.1621
37860,145.2149,-60.0000,169.7851
37870,144.7450,-60.0000,170.4963
37880,144.4671,-60.0000,171.3180
37890,143.9138,-60.0000,172.0014
37900,143.7959,-60.0000,172.1468
37910,143.7959,-60.0000,172.1468
37920,143.7959,-60.0000,172.1468
37930,143.7959,-60.0000,172.1468
37940,143.7959,-60.0000,172.1468
37950,143.7959,-60.0000,172.1468
37960,143.7959,-60.0000,172.1468
37970,143.7959,-60.0000,172.1468
37980,143.7959,-60.0000,172.1468
37990,143.7959,-60.0000,172.1468
38000,143.7959,-60.0000,172.1468
38010,143.7959,-60.0000,172.1468
38020,143.7959,-60.0000,172.1468
38030,143.7959,-60.0000,172.1468
38040,143.7959,-60.0000,172.1468
38050,143.7959,-60.0000,172.1468
38060,143.7959,-60.0000,172.1468
38070,143.7959,-60.0000,172.1468
38080,143.7959,-60.0000,172.1468
38090,143.7959,-60.0000,172.1468
38100,143.7959,-60.0000,172.1468
38110,143.7959,-60.0000,172.1468
38120,143.7959,-60.0000,172.1468
38130,143.7959,-60.0000,172.1468
38140,143.7959,-60.0000,172.1468
38150,143.7959,-60.0000,172.1468
38160,143.7959,-60.0000,172.1468
38170,143.7959,-60.0000,172.1468
38180,143.7959,-60.0000,172.1468
38190,143.7959,-60.0000,172.1468
38200,143.7959,-60.0000,172.1468
38210,143.7959,-60.0000,172.1468
38220,143.7959,-60.0000,172.1468
38230,143.7959,-60.0000,172.1468
38240,143.7959,-60.0000,172.1468
38250,143.7959,-60.0000,172.1468
38260,143.7959,-60.0000,172.1468
38270,143.7959,-60.0000,172.1468
38280,143.7959,-60.0000,172.1468
38290,143.7959,-60.0000,172.1468
38300,143.7959,-60.0000,172.1468
38310,143.7959,-60.0000,172.1468
38320,143.7959,-60.0000,172.1468
38330,143.7959,-60.0000,172.1468
38340,143.7959,-60.0000,172.1468
38350,143.7959,-60.0000,172.1468
38360,143.7959,-60.0000,172.1468
38370,143.7959,-60.0000,172.1468
38380,143.7959,-60.0000,172.1468
38390,143.7959,-60.0000,172.1468
38400,143.7959,-60.0000,172.1468
38410,143.1808,-60.0000,171.8398
38420,142.4633,-60.0000,171.3408
38430,141.8027,-60.0000,170.7580
38440,141.1682,-60.0000,170.1468
38450,140.5387,-60.0000,169.5304
38460,139.9132,-60.0000,168.9100
38470,139.2893,-60.0000,168.2878
38480,138.8468,-60.0000,167.8462
38490,138.8438,-60.0000,167.8432
38500,138.8438,-60.0000,167.8432
38510,138.8438,-60.0000,167.8432
38520,138.8438,-60.0000,167.8432
38530,138.8438,-60.0000,167.8432
38540,138.8438,-60.0000,167.8432
38550,138.8438,-60.0000,167.8432
38560,138.8438,-60.0000,167.8432
38570,138.8438,-60.0000,167.8432
38580,138.8438,-60.0000,167.8432
38590,138.8438,-60.0000,167.8432
38600,138.8438,-60.0000,167.8432
38610,138.8438,-60.0000,167.8432
38620,138.8438,-60.0000,167.8432
38630,138.8438,-60.0000,167.8432
38640,138.8438,-60.0000,167.8432
38650,138.8438,-60.0000,167.8432
38660,138.8438,-60.0000,167.8432
38670,138.8438,-60.0000,167.8432
38680,138.8438,-60.0000,167.8432
38690,138.8438,-60.0000,167.8432
38700,138.8438,-60.0000,167.8432
38710,138.8438,-60.0000,167.8432
38720,138.8438,-60.0000,167.8432
38730,138.8438,-60.0000,167.8432
38740,138.8002,-60.0000,167.6730
38750,138.5713,-60.0000,166.8434
38760,138.0366,-60.0000,166.1495
38770,137.6866,-60.0000,165.3661
38780,137.5521,-60.0000,164.4981
38790,137.5312,-60.0000,163.6186
38800,137.4600,-60.0000,162.7576
38810,136.9385,-60.0000,162.0556
38820,136.7696,-60.0000,161.8381
38830,136.7696,-60.0000,161.8381
38840,136.7696,-60.0000,161.8381
38850,136.7696,-60.0000,161.8381
38860,136.7696,-60.0000,161.8381
38870,136.7696,-60.0000,161.8381
38880,136.7696,-60.0000,161.8381
38890,136.7696,-60.0000,161.8381
38900,136.7696,-60.0000,161.8381
38910,136.7696,-60.0000,161.8381
38920,136.7696,-60.0000,161.8381
38930,136.7696,-60.0000,161.8381
38940,136.7696,-60.0000,161.8381
38950,136.7696,-60.0000,161.8381
38960,136.7696,-60.0000,161.8381
38970,136.7696,-60.0000,161.8381
38980,136.7696,-60.0000,161.8381
38990,136.7696,-60.0000,161.8381
39000,136.7696,-60.0000,161.8381
39010,136.7696,-60.0000,161.8381
39020,136.7696,-60.0000,161.8381
39030,136.7696,-60.0000,161.8381
39040,136.7696,-60.0000,161.8381
39050,136.7696,-60.0000,161.8381
39060,136.7696,-60.0000,161.8381
39070,136.7696,-60.0000,161.8381
39080,136.7696,-60.0000,161.8381
39090,136.7696,-60.0000,161.8381
39100,136.7696,-60.0000,161.8381
39110,136.7696,-60.0000,161.8381
39120,136.7696,-60.0000,161.8381
39130,136.7696,-60.0000,161.8381
39140,136.7696,-60.0000,161.8381
39150,136.7696,-60.0000,161.8381
39160,136.7696,-60.0000,161.8381
39170,136.7696,-60.0000,161.8381
39180,136.7696,-60.0000,161.8381
39190,136.6139,-60.0000,161.9193
39200,135.8530,-60.0000,162.3262
39210,135.1832,-60.0000,162.8961
39220,134.5362,-60.0000,163.4939
39230,133.9041,-60.0000,164.1076
39240,133.2780,-60.0000,164.7275
39250,132.5872,-60.0000,165.2341
39260,131.7523,-60.0000,165.4845
39270,131.0652,-60.0000,166.0311
39280,130.8520,-60.0000,166.2052
39290,130.8520,-60.0000,166.2052
39300,130.8520,-60.0000,166.2052
39310,130.8520,-60.0000,166.2052
39320,130.8520,-60.0000,166.2052
39330,130.8520,-60.0000,166.2052
39340,130.8520,-60.0000,166.2052
39350,130.8520,-60.0000,166.2052
39360,130.8520,-60.0000,166.2052
39370,130.8520,-60.0000,166.2052
39380,130.8520,-60.0000,166.2052
39390,130.8520,-60.0000,166.2052
39400,130.8520,-60.0000,166.2052
39410,130.8520,-60.0000,166.2052
39420,130.8520,-60.0000,166.2052
39430,130.8520,-60.0000,166.2052
39440,130.8520,-60.0000,166.2052
39450,130.8520,-60.0000,166.2052
39460,130.8520,-60.0000,166.2052
39470,130.8520,-60.0000,166.2052
39480,130.8520,-60.0000,166.2052
39490,130.8520,-60.0000,166.2052
39500,130.8520,-60.0000,166.2052
39510,130.8520,-60.0000,166.2052
39520,130.8520,-60.0000,166.2052
39530,130.8520,-60.0000,166.2052
39540,130.8520,-60.0000,166.2052
39550,130.8520,-60.0000,166.2052
39560,130.8520,-60.0000,166.2052
39570,130.8520,-60.0000,166.2052
39580,130.8520,-60.0000,166.2052
39590,130.8520,-60.0000,166.2052
39600,130.8520,-60.0000,166.2052
39610,130.8520,-60.0000,166.2052
39620,130.8520,-60.0000,166.2052
39630,130.8520,-60.0000,166.2052
39640,130.8520,-60.0000,166.2052
39650,130.8520,-60.0000,166.2052
39660,130.8520,-60.0000,166.2052
39670,130.8520,-60.0000,166.2052
39680,130.3977,-60.0000,165.9683
39690,129.6514,-60.0000,165.5123
39700,128.9889,-60.0000,164.9318
39710,128.3501,-60.0000,164.3253
39720,127.7192,-60.0000,163.7103
39730,127.0938,-60.0000,163.0897
39740,126.4696,-60.0000,162.4680
39750,125.8460,-60.0000,161.8455
39760,125.2229,-60.0000,161.2226
39770,124.5998,-60.0000,160.5997
39780,123.9768,-60.0000,159.9768
39790,123.8432,-60.0000,159.8432
39800,123.8432,-60.0000,159.8432
39810,123.8432,-60.0000,159.8432
39820,123.8432,-60.0000,159.8432
39830,123.8432,-60.0000,159.8432
39840,123.8432,-60.0000,159.8432
39850,123.8432,-60.0000,159.8432
39860,123.8432,-60.0000,159.8432
39870,123.8432,-60.0000,159.8432
39880,123.8432,-60.0000,159.8432
39890,123.8432,-60.0000,159.8432
39900,123.8432,-60.0000,159.8432
39910,123.8432,-60.0000,159.8432
39920,123.8432,-60.0000,159.8432
39930,123.8432,-60.0000,159.8432
39940,123.8432,-60.0000,159.8432
39950,123.8432,-60.0000,159.8432
39960,123.8432,-60.0000,159.8432
39970,123.8432,-60.0000,159.8432
39980,123.8432,-60.0000,159.8432
39990,123.8432,-60.0000,159.8432
40000,123.8432,-60.0000,159.8432
40010,123.8432,-60.0000,159.8432
40020,123.8432,-60.0000,159.8432
40030,123.8607,-60.0000,159.8072
40040,124.2224,-60.0000,159.0676
40050,124.4191,-60.0000,158.2198
40060,124.4743,-60.0000,157.3418
40070,124.4843,-60.0000,156.4611
40080,124.6398,-60.0000,155.6294
40090,125.1698,-60.0000,154.9280
40100,125.2287,-60.0000,154.8482
40110,125.2287,-60.0000,154.8482
40120,125.2287,-60.0000,154.8482
40130,125.2287,-60.0000,154.8482
40140,125.2287,-60.0000,154.8482
40150,125.2287,-60.0000,154.8482
40160,125.2287,-60.0000,154.8482
40170,125.2287,-60.0000,154.8482
40180,125.2287,-60.0000,154.8482
40190,125.2287,-60.0000,154.8482
40200,125.2287,-60.0000,154.8482
40210,125.2287,-60.0000,154.8482
40220,125.2287,-60.0000,154.8482
40230,125.2287,-60.0000,154.8482
40240,125.2287,-60.0000,154.8482
40250,125.2287,-60.0000,154.8482
40260,125.2287,-60.0000,154.8482
40270,125.8405,-60.0000,155.1618
40280,126.5545,-60.0000,155.6664
40290,127.2123,-60.0000,156.2522
40300,127.8457,-60.0000,156.8646
40310,128.4746,-60.0000,157.4817
40320,129.0998,-60.0000,158.1025
40330,129.9269,-60.0000,158.3649
40340,130.7994,-60.0000,158.4585
40350,131.5756,-60.0000,158.7758
40360,132.1311,-60.0000,159.2100
40370,132.1406,-60.0000,159.2149
40380,132.1406,-60.0000,159.2149
40390,132.1406,-60.0000,159.2149
40400,132.1406,-60.0000,159.2149
40410,132.1406,-60.0000,159.2149
40420,132.1406,-60.0000,159.2149
40430,132.1406,-60.0000,159.2149
40440,132.1406,-60.0000,159.2149
40450,132.6402,-60.0000,159.6871
40460,133.2003,-60.0000,160.3404
40470,133.4391,-60.0000,161.1824
40480,133.9767,-60.0000,161.8737
40490,134.3249,-60.0000,162.6566
40500,134.4538,-60.0000,163.5256
40510,134.4710,-60.0000,164.4055
40520,134.5423,-60.0000,165.2660
40530,135.0694,-60.0000,165.9637
40540,135.2401,-60.0000,166.1798
40550,135.2401,-60.0000,166.1798
40560,135.8451,-60.0000,165.8533
40570,136.6764,-60.0000,165.6066
40580,137.5526,-60.0000,165.5327
40590,138.3823,-60.0000,165.3699
40600,139.0781,-60.0000,164.8326
40610,139.9207,-60.0000,164.6116
40620,140.7958,-60.0000,164.5391
40630,141.6761,-60.0000,164.5249
40640,142.4865,-60.0000,164.3109
40650,143.1435,-60.0000,163.7876
40660,143.1846,-60.0000,163.7572
40670,143.1846,-60.0000,163.7572
40680,143.1846,-60.0000,163.7572
40690,143.1846,-60.0000,163.7572
40700,143.1846,-60.0000,163.7572
40710,143.1846,-60.0000,163.7572
40720,143.1846,-60.0000,163.7572
40730,143.1846,-60.0000,163.7572
40740,143.1846,-60.0000,163.7572
40750,143.1846,-60.0000,163.7572
40760,143.1846,-60.0000,163.7572
40770,143.1846,-60.0000,163.7572
40780,143.1846,-60.0000,163.7572
40790,143.1846,-60.0000,163.7572
40800,143.1846,-60.0000,163.7572
40810,143.1846,-60.0000,163.7572
40820,143.1846,-60.0000,163.7572
40830,143.1846,-60.0000,163.7572
40840,143.1846,-60.0000,163.7572
40850,143.1846,-60.0000,163.7572
40860,143.1846,-60.0000,163.7572
40870,143.1846,-60.0000,163.7572
40880,143.1846,-60.0000,163.7572
40890,143.1846,-60.0000,163.7572
40900,143.1846,-60.0000,163.7572
40910,143.1846,-60.0000,163.7572
40920,143.2097,-60.0000,163.7884
40930,142.6768,-60.0000,164.3586
40940,142.0445,-60.0000,164.9718
40950,141.4168,-60.0000,165.5901
40960,140.7917,-60.0000,166.2110
40970,140.1680,-60.0000,166.8333
40980,139.5446,-60.0000,167.4559
40990,138.9215,-60.0000,168.0788
41000,138.2984,-60.0000,168.7017
41010,137.8563,-60.0000,169.1438
41020,137.8533,-60.0000,169.1468
41030,137.8533,-60.0000,169.1468
41040,137.8533,-60.0000,169.1468
41050,137.8533,-60.0000,169.1468
41060,137.8533,-60.0000,169.1468
41070,137.8533,-60.0000,169.1468
41080,137.8533,-60.0000,169.1468
41090,137.8533,-60.0000,169.1468
41100,137.6892,-60.0000,168.8560
41110,137.5597,-60.0000,167.9933
41120,137.5269,-60.0000,167.1141
41130,137.8733,-60.0000,166.3461
41140,138.2963,-60.0000,165.5929
41150,138.4461,-60.0000,164.7265
41160,138.4716,-60.0000,163.8469
41170,138.4821,-60.0000,162.9662
41180,138.9083,-60.0000,162.2322
41190,139.2455,-60.0000,161.8110
41200,139.2455,-60.0000,161.8110
41210,139.5997,-60.0000,161.4408
41220,140.1374,-60.0000,160.8789
41230,140.1527,-60.0000,160.8598
41240,140.1527,-60.0000,160.8598
41250,140.1527,-60.0000,160.8598
41260,140.1527,-60.0000,160.8598
41270,140.1527,-60.0000,160.8598
41280,140.1527,-60.0000,160.8598
41290,140.1527,-60.0000,160.8598
41300,140.1527,-60.0000,160.8598
41310,140.1527,-60.0000,160.8598
41320,140.1527,-60.0000,160.8598
41330,140.1527,-60.0000,160.8598
41340,140.1527,-60.0000,160.8598
41350,140.1527,-60.0000,160.8598
41360,140.1527,-60.0000,160.8598
41370,140.1527,-60.0000,160.8598
41380,140.1527,-60.0000,160.8598
41390,140.1527,-60.0000,160.8598
41400,140.1527,-60.0000,160.8598
41410,140.1527,-60.0000,160.8598
41420,140.2367,-60.0000,160.5307
41430,140.4229,-60.0000,159.6770
41440,140.4715,-60.0000,158.7982
41450,140.4826,-60.0000,157.9176
41460,140.4887,-60.0000,157.0366
41470,140.4895,-60.0000,156.8478
41480,140.4895,-60.0000,156.8478
41490,140.0560,-60.0000,157.0936
41500,139.3908,-60.0000,157.6663
41510,138.7063,-60.0000,158.1948
41520,137.8542,-60.0000,158.4077
41530,136.9765,-60.0000,158.4642
41540,136.0961,-60.0000,158.4774
41550,135.3377,-60.0000,158.8436
41560,134.8455,-60.0000,159.2287
41570,134.8421,-60.0000,159.2287
41580,134.8421,-60.0000,159.2287
41590,134.8421,-60.0000,159.2287
41600,134.8421,-60.0000,159.2287
41610,134.8421,-60.0000,159.2287
41620,134.8421,-60.0000,159.2287
41630,134.8421,-60.0000,159.2287
41640,134.8421,-60.0000,159.2287
41650,134.8421,-60.0000,159.2287
41660,134.8421,-60.0000,159.2287
41670,134.8421,-60.0000,159.2287
41680,134.6878,-60.0000,159.1449
41690,133.9286,-60.0000,158.7328
41700,133.2540,-60.0000,158.1698
41710,132.6053,-60.0000,157.5739
41720,131.9732,-60.0000,156.9601
41730,131.1677,-60.0000,156.6577
41740,130.2976,-60.0000,156.5453
41750,129.5027,-60.0000,156.2797
41760,128.8873,-60.0000,155.8027
41770,128.8664,-60.0000,155.7891
41780,128.8664,-60.0000,155.7891
41790,128.8664,-60.0000,155.7891
41800,129.1696,-60.0000,155.1721
41810,129.6668,-60.0000,154.4537
41820,130.2498,-60.0000,153.7934
41830,130.8614,-60.0000,153.1592
41840,131.4779,-60.0000,152.5299
41850,132.0985,-60.0000,151.9045
41860,132.3625,-60.0000,151.0777
41870,132.4573,-60.0000,150.2054
41880,132.7742,-60.0000,149.4289
41890,133.2078,-60.0000,148.8727
41900,133.2208,-60.0000,148.8241
41910,133.3907,-60.0000,148.0184
41920,133.4580,-60.0000,147.1428
41930,133.4742,-60.0000,146.2628
41940,133.7375,-60.0000,145.4686
41950,134.2182,-60.0000,144.8561
41960,134.2319,-60.0000,144.8353
41970,134.2319,-60.0000,144.8353
41980,134.2319,-60.0000,144.8353
41990,134.1022,-60.0000,144.8616
42000,133.5049,-60.0000,145.4677
42010,132.8904,-60.0000,146.0990
42020,132.2703,-60.0000,146.7248
42030,131.5825,-60.0000,147.2346
42040,130.7261,-60.0000,147.4291
42050,129.8473,-60.0000,147.4672
42060,128.9667,-60.0000,147.4794
42070,128.2331,-60.0000,147.9064
42080,127.8123,-60.0000,148.2440
42090,127.8123,-60.0000,148.2440
42100,127.8123,-60.0000,148.2440
42110,127.8123,-60.0000,148.2440
42120,127.8123,-60.0000,148.2440
42130,127.8123,-60.0000,148.2440
42140,127.8123,-60.0000,148.2440
42150,127.8123,-60.0000,148.2440
42160,127.8123,-60.0000,148.2440
42170,127.8123,-60.0000,148.2440
42180,127.8123,-60.0000,148.2440
42190,127.8123,-60.0000,148.2440
42200,127.8123,-60.0000,148.2440
42210,127.8123,-60.0000,148.2440
42220,127.8123,-60.0000,148.2440
42230,127.8123,-60.0000,148.2440
42240,127.8123,-60.0000,148.2440
42250,127.8123,-60.0000,148.2440
42260,127.8123,-60.0000,148.2440
42270,127.8123,-60.0000,148.2440
42280,127.8123,-60.0000,148.2440
42290,127.8123,-60.0000,148.2440
42300,127.8123,-60.0000,148.2440
42310,127.8123,-60.0000,148.2440
42320,127.8123,-60.0000,148.2440
42330,127.8123,-60.0000,148.2440
42340,127.8123,-60.0000,148.2440
42350,127.8123,-60.0000,148.2440
42360,127.8123,-60.0000,148.2440
42370,127.8123,-60.0000,148.2440
42380,127.8123,-60.0000,148.2440
42390,127.8123,-60.0000,148.2440
42400,127.8123,-60.0000,148.2440
42410,127.8123,-60.0000,148.2440
42420,127.8123,-60.0000,148.2440
42430,127.8123,-60.0000,148.2440
42440,127.8123,-60.0000,148.2440
42450,127.8123,-60.0000,148.2440
42460,127.8123,-60.0000,148.2440
42470,127.8123,-60.0000,148.2440
42480,127.8123,-60.0000,148.2440
42490,127.8123,-60.0000,148.2440
42500,127.8123,-60.0000,148.2440
42510,127.8123,-60.0000,148.2440
42520,127.8123,-60.0000,148.2440
42530,127.8123,-60.0000,148.2440
42540,127.8123,-60.0000,148.2440
42550,127.8123,-60.0000,148.2440
42560,127.8123,-60.0000,148.2440
42570,127.8123,-60.0000,148.2440
42580,127.8123,-60.0000,148.2440
42590,127.8123,-60.0000,148.2440
42600,127.8123,-60.0000,148.2440
42610,127.8123,-60.0000,148.2440
42620,127.8123,-60.0000,148.2440
42630,127.8123,-60.0000,148.2440
42640,127.8123,-60.0000,148.2440
42650,127.1376,-60.0000,148.3757
42660,126.2643,-60.0000,148.4623
42670,125.3841,-60.0000,148.4766
42680,124.5033,-60.0000,148.4853
42690,123.7979,-60.0000,148.4903
42700,123.7858,-60.0000,148.4903
42710,123.7858,-60.0000,148.4903
42720,123.7858,-60.0000,148.4903
42730,123.7858,-60.0000,148.4903
42740,123.7858,-60.0000,148.4903
42750,123.7858,-60.0000,148.4903
42760,123.3799,-60.0000,148.1777
42770,122.6942,-60.0000,147.6280
42780,122.0530,-60.0000,147.0239
42790,121.6915,-60.0000,146.2518
42800,121.5510,-60.0000,145.3860
42810,121.3322,-60.0000,144.5735
42820,120.8098,-60.0000,143.8696
42830,120.6044,-60.0000,143.0185
42840,120.5399,-60.0000,142.1423
42850,120.5244,-60.0000,141.2622
42860,120.2615,-60.0000,140.4679
42870,119.7810,-60.0000,139.8553
42880,119.7673,-60.0000,139.8345
42890,119.7673,-60.0000,139.8345
42900,119.7673,-60.0000,139.8345
42910,119.7673,-60.0000,139.8345
42920,119.7673,-60.0000,139.8345
42930,119.7673,-60.0000,139.8345
42940,119.7673,-60.0000,139.8345
42950,119.4388,-60.0000,139.7478
42960,118.5841,-60.0000,139.5709
42970,117.7050,-60.0000,139.5195
42980,116.8241,-60.0000,139.5118
42990,115.9431,-60.0000,139.5073
43000,115.2120,-60.0000,139.9655
43010,114.4308,-60.0000,140.3243
43020,113.5614,-60.0000,140.4538
43030,112.6815,-60.0000,140.4712
43040,111.8086,-60.0000,140.5059
43050,111.1039,-60.0000,141.0151
43060,110.8192,-60.0000,141.2409
43070,110.8192,-60.0000,141.2409
43080,110.8192,-60.0000,141.2409
43090,110.8192,-60.0000,141.2409
43100,110.8192,-60.0000,141.2409
43110,110.8192,-60.0000,141.2409
43120,110.8192,-60.0000,141.2409
43130,110.8192,-60.0000,141.2409
43140,110.8192,-60.0000,141.2409
43150,110.8192,-60.0000,141.2409
43160,110.8192,-60.0000,141.2409
43170,110.8192,-60.0000,141.2409
43180,110.8192,-60.0000,141.2409
43190,110.8192,-60.0000,141.2409
43200,110.8192,-60.0000,141.2409
43210,110.8192,-60.0000,141.2409
43220,110.8192,-60.0000,141.2409
43230,110.8192,-60.0000,141.2409
43240,110.8192,-60.0000,141.2409
43250,110.8192,-60.0000,141.2409
43260,110.8192,-60.0000,141.2409
43270,110.8192,-60.0000,141.2409
43280,110.8192,-60.0000,141.2409
43290,110.8192,-60.0000,141.2409
43300,110.8192,-60.0000,141.2409
43310,110.8192,-60.0000,141.2409
43320,110.8192,-60.0000,141.2409
43330,110.8192,-60.0000,141.2409
43340,111.1149,-60.0000,141.3857
43350,111.8449,-60.0000,140.9738
43360,112.6461,-60.0000,140.6579
43370,113.5175,-60.0000,140.5451
43380,114.3974,-60.0000,140.5267
43390,115.2582,-60.0000,140.4566
43400,115.9578,-60.0000,139.9320
43410,116.1745,-60.0000,139.7621
43420,116.1745,-60.0000,139.7621
43430,116.1745,-60.0000,139.7621
43440,116.1745,-60.0000,139.7621
43450,116.1745,-60.0000,139.7621
43460,116.1745,-60.0000,139.7621
43470,115.9330,-60.0000,139.3103
43480,115.4550,-60.0000,138.5784
43490,114.8715,-60.0000,137.9185
43500,114.2613,-60.0000,137.2831
43510,113.6452,-60.0000,136.6532
43520,113.0244,-60.0000,136.0280
43530,112.6780,-60.0000,135.2474
43540,112.5466,-60.0000,134.3797
43550,112.5292,-60.0000,133.4998
43560,112.4133,-60.0000,132.6547
43570,111.8740,-60.0000,131.9628
43580,111.7580,-60.0000,131.8158
43590,111.7580,-60.0000,131.8158
43600,111.7580,-60.0000,131.8158
43610,111.7580,-60.0000,131.8158
43620,111.7580,-60.0000,131.8158
43630,111.7580,-60.0000,131.8158
43640,111.7580,-60.0000,131.8158
43650,111.7580,-60.0000,131.8158
43660,111.7580,-60.0000,131.8158
43670,111.7580,-60.0000,131.8158
43680,111.7580,-60.0000,131.8158
43690,111.7580,-60.0000,131.8158
43700,111.7580,-60.0000,131.8158
43710,111.7580,-60.0000,131.8158
43720,111.7580,-60.0000,131.8158
43730,111.5232,-60.0000,131.5703
43740,110.9179,-60.0000,130.9372
43750,110.2999,-60.0000,130.3092
43760,109.6797,-60.0000,129.6834
43770,109.0577,-60.0000,129.0594
43780,108.2807,-60.0000,128.7017
43790,107.5072,-60.0000,128.3220
43800,106.8164,-60.0000,127.7820
43810,105.9639,-60.0000,127.5864
43820,105.0869,-60.0000,127.5318
43830,104.2064,-60.0000,127.5201
43840,103.4266,-60.0000,127.2109
43850,102.8667,-60.0000,126.7823
43860,102.8571,-60.0000,126.7775
43870,102.8571,-60.0000,126.7775
43880,102.8571,-60.0000,126.7775
43890,102.8571,-60.0000,126.7775
43900,102.8571,-60.0000,126.7775
43910,103.0098,-60.0000,126.4741
43920,103.4390,-60.0000,125.7153
43930,104.0160,-60.0000,125.0502
43940,104.6190,-60.0000,124.4081
43950,105.2332,-60.0000,123.7765
43960,105.8537,-60.0000,123.1509
43970,106.4752,-60.0000,122.5265
43980,107.0977,-60.0000,121.9029
43990,107.7205,-60.0000,121.2798
44000,108.4095,-60.0000,120.7707
44010,109.2654,-60.0000,120.5739
44020,110.1366,-60.0000,120.5122
44030,110.8472,-60.0000,120.0108
44040,111.1348,-60.0000,119.7886
44050,111.1348,-60.0000,119.7886
44060,111.1348,-60.0000,119.7886
44070,111.1348,-60.0000,119.7886
44080,110.5520,-60.0000,119.8001
44090,109.8528,-60.0000,120.2624
44100,109.8090,-60.0000,120.2894
44110,109.8090,-60.0000,120.2894
44120,109.8090,-60.0000,120.2894
44130,109.8090,-60.0000,120.2894
44140,109.3043,-60.0000,120.7562
44150,108.6629,-60.0000,121.3594
44160,108.0338,-60.0000,121.9762
44170,107.4079,-60.0000,122.5963
44180,106.7836,-60.0000,123.2180
44190,106.1602,-60.0000,123.8406
44200,105.5370,-60.0000,124.4634
44210,104.9139,-60.0000,125.0863
44220,104.2908,-60.0000,125.7093
44230,103.6678,-60.0000,126.3323
44240,103.0448,-60.0000,126.9553
44250,102.4218,-60.0000,127.5783
44260,101.8708,-60.0000,128.1293
44270,101.8521,-60.0000,128.1480
44280,101.8521,-60.0000,128.1480
44290,101.8521,-60.0000,128.1480
44300,101.8521,-60.0000,128.1480
44310,101.8521,-60.0000,128.1480
44320,101.8521,-60.0000,128.1480
44330,102.4823,-60.0000,128.3742
44340,103.3570,-60.0000,128.4646
44350,104.2181,-60.0000,128.5363
44360,104.9241,-60.0000,129.0527
44370,105.1430,-60.0000,129.2199
44380,105.1430,-60.0000,129.2199
44390,105.1430,-60.0000,129.2199
44400,104.6817,-60.0000,129.3955
44410,103.8066,-60.0000,129.4726
44420,102.9260,-60.0000,129.4833
44430,102.0451,-60.0000,129.4891
44440,101.2883,-60.0000,129.1253
44450,100.5326,-60.0000,128.7147
44460,99.6675,-60.0000,128.5597
44470,98.7882,-60.0000,128.5310
44480,97.9076,-60.0000,128.5187
44490,97.1883,-60.0000,128.0450
44500,96.8328,-60.0000,127.7665
44510,96.8328,-60.0000,127.7665
44520,96.8328,-60.0000,127.7665
44530,96.8328,-60.0000,127.7665
44540,96.8328,-60.0000,127.7665
44550,96.8328,-60.0000,127.7665
44560,96.8328,-60.0000,127.7665
44570,96.8328,-60.0000,127.7665
44580,97.1532,-60.0000,127.1583
44590,97.6622,-60.0000,126.4468
44600,98.2034,-60.0000,125.7644
44610,98.4106,-60.0000,124.9120
44620,98.9202,-60.0000,124.2055
44630,99.2051,-60.0000,123.8552
44640,99.2051,-60.0000,123.8552
44650,99.2051,-60.0000,123.8552
44660,99.2051,-60.0000,123.8552
44670,99.2051,-60.0000,123.8552
44680,99.2051,-60.0000,123.8552
44690,99.2051,-60.0000,123.8552
44700,99.2051,-60.0000,123.8552
44710,99.3513,-60.0000,123.1835
44720,99.4529,-60.0000,122.3122
44730,99.4717,-60.0000,121.4324
44740,99.4827,-60.0000,120.5518
44750,99.4892,-60.0000,119.6709
44760,99.4700,-60.0000,118.7974
44770,98.9657,-60.0000,118.0889
44780,98.7420,-60.0000,117.8025
44790,98.7420,-60.0000,117.8025
44800,98.7420,-60.0000,117.8025
44810,98.7420,-60.0000,117.8025
44820,98.9129,-60.0000,117.5089
44830,99.3185,-60.0000,116.7393
44840,99.4510,-60.0000,115.8706
44850,99.9524,-60.0000,115.1629
44860,100.3293,-60.0000,114.3951
44870,100.4591,-60.0000,113.5259
44880,100.4750,-60.0000,112.6459
44890,100.5428,-60.0000,111.7841
44900,101.0564,-60.0000,111.0760
44910,101.2228,-60.0000,110.8564
44920,101.2228,-60.0000,110.8564
44930,101.2228,-60.0000,110.8564
44940,101.2228,-60.0000,110.8564
44950,101.2228,-60.0000,110.8564
44960,101.2228,-60.0000,110.8564
44970,101.2228,-60.0000,110.8564
44980,101.6940,-60.0000,110.3559
44990,102.3005,-60.0000,109.7175
45000,102.9186,-60.0000,109.0897
45010,103.5391,-60.0000,108.4641
45020,104.1712,-60.0000,107.8573
45030,105.0107,-60.0000,107.6168
45040,105.8852,-60.0000,107.5399
45050,106.7654,-60.0000,107.5256
45060,107.5569,-60.0000,107.2586
45070,108.1643,-60.0000,106.7715
45080,108.1849,-60.0000,106.7576
45090,108.1849,-60.0000,106.7576
45100,108.1849,-60.0000,106.7576
45110,108.1849,-60.0000,106.7576
45120,108.1849,-60.0000,106.7576
45130,108.1849,-60.0000,106.7576
45140,108.1849,-60.0000,106.7576
45150,108.1849,-60.0000,106.7576
45160,108.1849,-60.0000,106.7576
45170,108.1849,-60.0000,106.7576
45180,108.1849,-60.0000,106.7576
45190,108.3520,-60.0000,106.0908
45200,108.4553,-60.0000,105.2198
45210,108.4731,-60.0000,104.3400
45220,108.4835,-60.0000,103.4593
45230,108.4897,-60.0000,102.5784
45240,108.4939,-60.0000,101.6974
45250,108.4963,-60.0000,100.8163
45260,108.4977,-60.0000,99.9353
45270,108.9605,-60.0000,99.2075
45280,109.2325,-60.0000,98.8470
45290,109.1486,-60.0000,98.6928
45300,108.7359,-60.0000,97.9339
45310,108.6898,-60.0000,97.8453
45320,108.6898,-60.0000,97.8453
45330,108.6898,-60.0000,97.8453
45340,108.6898,-60.0000,97.8453
45350,108.6898,-60.0000,97.8453
45360,108.6898,-60.0000,97.8453
45370,108.6898,-60.0000,97.8453
45380,108.6898,-60.0000,97.8453
45390,108.6898,-60.0000,97.8453
45400,108.6898,-60.0000,97.8453
45410,108.6898,-60.0000,97.8453
45420,108.6898,-60.0000,97.8453
45430,108.6898,-60.0000,97.8453
45440,108.6898,-60.0000,97.8453
45450,108.6898,-60.0000,97.8453
45460,108.6898,-60.0000,97.8453
45470,108.6898,-60.0000,97.8453
45480,108.6898,-60.0000,97.8453
45490,108.6898,-60.0000,97.8453
45500,108.6898,-60.0000,97.8453
45510,108.6898,-60.0000,97.8453
45520,108.6898,-60.0000,97.8453
45530,108.6898,-60.0000,97.8453
45540,108.6898,-60.0000,97.8453
45550,108.6898,-60.0000,97.8453
45560,108.6898,-60.0000,97.8453
45570,108.6898,-60.0000,97.8453
45580,108.6898,-60.0000,97.8453
45590,108.6898,-60.0000,97.8453
45600,108.6898,-60.0000,97.8453
45610,108.6898,-60.0000,97.8453
45620,108.6898,-60.0000,97.8453
45630,108.6898,-60.0000,97.8453
45640,108.6898,-60.0000,97.8453
45650,108.6898,-60.0000,97.8453
45660,108.6898,-60.0000,97.8453
45670,108.6898,-60.0000,97.8453
45680,108.6898,-60.0000,97.8453
45690,108.6898,-60.0000,97.8453
45700,108.6898,-60.0000,97.8453
45710,108.6898,-60.0000,97.8453
45720,108.6898,-60.0000,97.8453
45730,108.6898,-60.0000,97.8453
45740,108.6898,-60.0000,97.8453
45750,108.6898,-60.0000,97.8453
45760,108.6898,-60.0000,97.8453
45770,108.6898,-60.0000,97.8453
45780,108.6898,-60.0000,97.8453
45790,108.6898,-60.0000,97.8453
45800,108.6898,-60.0000,97.8453
45810,108.6898,-60.0000,97.8453
45820,108.6898,-60.0000,97.8453
45830,108.6898,-60.0000,97.8453
45840,108.6898,-60.0000,97.8453
45850,108.6898,-60.0000,97.8453
45860,108.6898,-60.0000,97.8453
45870,108.6898,-60.0000,97.8453
45880,108.2344,-60.0000,97.3304
45890,107.6426,-60.0000,96.6785
45900,107.0295,-60.0000,96.0458
45910,106.4112,-60.0000,95.4181
45920,105.7903,-60.0000,94.7930
45930,105.1680,-60.0000,94.1693
45940,104.5454,-60.0000,93.5459
45950,103.9225,-60.0000,92.9228
45960,103.2996,-60.0000,92.2997
45970,102.6766,-60.0000,91.6767
45980,102.0536,-60.0000,91.0537
45990,101.2759,-60.0000,90.6979
46000,100.5022,-60.0000,90.3194
46010,99.8508,-60.0000,89.7878
46020,99.8100,-60.0000,89.7571
46030,99.8100,-60.0000,89.7571
46040,99.8100,-60.0000,89.7571
46050,99.8100,-60.0000,89.7571
46060,99.8100,-60.0000,89.7571
46070,99.8100,-60.0000,89.7571
46080,99.8100,-60.0000,89.7571
46090,99.8100,-60.0000,89.7571
46100,99.7847,-60.0000,89.7880
46110,100.3187,-60.0000,90.3564
46120,100.9517,-60.0000,90.9690
46130,101.5797,-60.0000,91.5869
46140,102.2050,-60.0000,92.2076
46150,102.8287,-60.0000,92.8299
46160,103.4521,-60.0000,93.4525
46170,104.0752,-60.0000,94.0754
46180,104.6983,-60.0000,94.6983
46190,105.3213,-60.0000,95.3213
46200,105.9443,-60.0000,95.9443
46210,106.1402,-60.0000,96.1402
46220,106.1402,-60.0000,96.1402
46230,106.1402,-60.0000,96.1402
46240,106.1402,-60.0000,96.1402
46250,106.1402,-60.0000,96.1402
46260,106.1402,-60.0000,96.1402
46270,106.1402,-60.0000,96.1402
46280,106.1402,-60.0000,96.1402
46290,106.1402,-60.0000,96.1402
46300,106.1402,-60.0000,96.1402
46310,106.1402,-60.0000,96.1402
46320,106.1402,-60.0000,96.1402
46330,106.1402,-60.0000,96.1402
46340,106.1402,-60.0000,96.1402
46350,106.1402,-60.0000,96.1402
46360,106.1402,-60.0000,96.1402
46370,106.1402,-60.0000,96.1402
46380,106.1402,-60.0000,96.1402
46390,106.1402,-60.0000,96.1402
46400,106.1402,-60.0000,96.1402
46410,106.1402,-60.0000,96.1402
46420,106.1402,-60.0000,96.1402
46430,106.1402,-60.0000,96.1402
46440,106.1402,-60.0000,96.1402
46450,106.1402,-60.0000,96.1402
46460,106.1402,-60.0000,96.1402
46470,106.1402,-60.0000,96.1402
46480,106.1402,-60.0000,96.1402
46490,106.1402,-60.0000,96.1402
46500,106.1402,-60.0000,96.1402
46510,106.1402,-60.0000,96.1402
46520,106.1402,-60.0000,96.1402
46530,106.1402,-60.0000,96.1402
46540,106.1402,-60.0000,96.1402
46550,106.1402,-60.0000,96.1402
46560,106.1402,-60.0000,96.1402
46570,106.1402,-60.0000,96.1402
46580,106.1402,-60.0000,96.1402
46590,106.1402,-60.0000,96.1402
46600,106.1402,-60.0000,96.1402
46610,106.1402,-60.0000,96.1402
46620,106.1402,-60.0000,96.1402
46630,106.1402,-60.0000,96.1402
46640,106.1402,-60.0000,96.1402
46650,106.1402,-60.0000,96.1402
46660,106.1402,-60.0000,96.1402
46670,106.1402,-60.0000,96.1402
46680,106.1402,-60.0000,96.1402
46690,106.1402,-60.0000,96.1402
46700,106.1402,-60.0000,96.1402
46710,106.1402,-60.0000,96.1402
46720,106.1402,-60.0000,96.1402
46730,106.1402,-60.0000,96.1402
46740,106.1402,-60.0000,96.1402
46750,106.1402,-60.0000,96.1402
46760,106.1402,-60.0000,96.1402
46770,106.1402,-60.0000,96.1402
46780,106.1402,-60.0000,96.1402
46790,106.1402,-60.0000,96.1402
46800,106.1402,-60.0000,96.1402
46810,106.1402,-60.0000,96.1402
46820,106.6263,-60.0000,96.6263
46830,107.2490,-60.0000,97.2490
46840,107.8720,-60.0000,97.8720
46850,108.4950,-60.0000,98.4950
46860,109.1279,-60.0000,99.1014
46870,109.9630,-60.0000,99.3590
46880,110.8337,-60.0000,99.4601
46890,111.7139,-60.0000,99.4752
46900,112.5102,-60.0000,99.7351
46910,113.1271,-60.0000,100.2103
46920,113.1480,-60.0000,100.2239
46930,113.1480,-60.0000,100.2239
46940,113.1480,-60.0000,100.2239
46950,112.9942,-60.0000,100.5268
46960,112.5104,-60.0000,101.2062
46970,111.6653,-60.0000,101.4219
46980,110.7945,-60.0000,101.5036
46990,110.0926,-60.0000,102.0198
47000,109.3038,-60.0000,102.3525
47010,108.4322,-60.0000,102.4629
47020,107.5520,-60.0000,102.4774
47030,106.7046,-60.0000,102.5877
47040,106.0013,-60.0000,103.1126
47050,105.8518,-60.0000,103.2254
47060,105.8518,-60.0000,103.2254
47070,105.8518,-60.0000,103.2254
47080,105.8518,-60.0000,103.2254
47090,105.8518,-60.0000,103.2254
47100,105.8518,-60.0000,103.2254
47110,105.8518,-60.0000,103.2254
47120,105.7614,-60.0000,103.5529
47130,105.5765,-60.0000,104.4057
47140,105.5216,-60.0000,105.2846
47150,105.5132,-60.0000,106.1654
47160,105.5082,-60.0000,107.0464
47170,105.9285,-60.0000,107.7833
47180,106.3048,-60.0000,108.5549
47190,106.4465,-60.0000,109.4221
47200,106.4703,-60.0000,110.3017
47210,106.5050,-60.0000,111.1747
47220,107.0103,-60.0000,111.8823
47230,107.2343,-60.0000,112.1685
47240,107.2343,-60.0000,112.1685
47250,107.2343,-60.0000,112.1685
47260,107.2343,-60.0000,112.1685
47270,107.2343,-60.0000,112.1685
47280,107.2343,-60.0000,112.1685
47290,107.2343,-60.0000,112.1685
47300,107.2343,-60.0000,112.1685
47310,107.2343,-60.0000,112.1685
47320,107.2343,-60.0000,112.1685
47330,107.2343,-60.0000,112.1685
47340,107.2343,-60.0000,112.1685
47350,107.2343,-60.0000,112.1685
47360,107.2343,-60.0000,112.1685
47370,107.2343,-60.0000,112.1685
47380,107.2343,-60.0000,112.1685
47390,107.2343,-60.0000,112.1685
47400,107.2343,-60.0000,112.1685
47410,107.2343,-60.0000,112.1685
47420,107.2343,-60.0000,112.1685
47430,107.2343,-60.0000,112.1685
47440,107.2343,-60.0000,112.1685
47450,107.2343,-60.0000,112.1685
47460,107.2343,-60.0000,112.1685
47470,107.2343,-60.0000,112.1685
47480,107.2343,-60.0000,112.1685
47490,107.2343,-60.0000,112.1685
47500,107.2343,-60.0000,112.1685
47510,107.2343,-60.0000,112.1685
47520,107.2343,-60.0000,112.1685
47530,107.2343,-60.0000,112.1685
47540,107.2343,-60.0000,112.1685
47550,107.2343,-60.0000,112.1685
47560,107.7080,-60.0000,112.6667
47570,108.3171,-60.0000,113.3027
47580,108.9362,-60.0000,113.9296
47590,109.5573,-60.0000,114.5544
47600,110.1795,-60.0000,115.1783
47610,110.8022,-60.0000,115.8015
47620,111.4250,-60.0000,116.4247
47630,112.0480,-60.0000,117.0478
47640,112.1815,-60.0000,117.1814
47650,112.1815,-60.0000,117.1814
47660,111.9463,-60.0000,117.6365
47670,111.4916,-60.0000,118.3832
47680,110.9079,-60.0000,119.0428
47690,110.2996,-60.0000,119.6799
47700,109.6175,-60.0000,120.1991
47710,108.7656,-60.0000,120.4119
47720,107.8874,-60.0000,120.4757
47730,107.0067,-60.0000,120.4864
47740,106.2656,-60.0000,120.9031
47750,105.8385,-60.0000,121.2330
47760,105.8385,-60.0000,121.2330
47770,105.8385,-60.0000,121.2330
47780,105.8385,-60.0000,121.2330
47790,105.8385,-60.0000,121.2330
47800,105.8385,-60.0000,121.2330
47810,105.8385,-60.0000,121.2330
47820,105.8385,-60.0000,121.2330
47830,105.8385,-60.0000,121.2330
47840,105.8385,-60.0000,121.2330
47850,105.8385,-60.0000,121.2330
47860,105.2356,-60.0000,120.9028
47870,104.7122,-60.0000,120.2774
47880,104.3244,-60.0000,119.5072
47890,103.7924,-60.0000,118.8561
47900,103.7617,-60.0000,118.8154
47910,103.7617,-60.0000,118.8154
47920,103.7617,-60.0000,118.8154
47930,103.7617,-60.0000,118.8154
47940,103.7617,-60.0000,118.8154
47950,103.7617,-60.0000,118.8154
47960,103.7617,-60.0000,118.8154
47970,103.7617,-60.0000,118.8154
47980,103.7617,-60.0000,118.8154
47990,103.7617,-60.0000,118.8154
48000,103.7617,-60.0000,118.8154
48010,103.7617,-60.0000,118.8154
48020,103.7617,-60.0000,118.8154
48030,103.7617,-60.0000,118.8154
48040,103.7617,-60.0000,118.8154
48050,103.7617,-60.0000,118.8154
48060,103.7617,-60.0000,118.8154
48070,103.7617,-60.0000,118.8154
48080,103.7617,-60.0000,118.8154
48090,103.7617,-60.0000,118.8154
48100,103.7926,-60.0000,118.7900
48110,104.3611,-60.0000,119.3239
48120,104.9738,-60.0000,119.9567
48130,105.3180,-60.0000,120.7398
48140,105.4508,-60.0000,121.6073
48150,105.6246,-60.0000,122.4323
48160,106.1793,-60.0000,123.1141
48170,106.3986,-60.0000,123.9557
48180,106.4671,-60.0000,124.8313
48190,106.4796,-60.0000,125.7118
48200,106.7378,-60.0000,126.5088
48210,107.2115,-60.0000,127.1267
48220,107.2251,-60.0000,127.1477
48230,107.2251,-60.0000,127.1477
48240,107.2251,-60.0000,127.1477
48250,107.2251,-60.0000,127.1477
48260,107.2251,-60.0000,127.1477
48270,107.2251,-60.0000,127.1477
48280,107.2251,-60.0000,127.1477
48290,107.2251,-60.0000,127.1477
48300,107.2251,-60.0000,127.1477
48310,107.2251,-60.0000,127.1477
48320,107.1421,-60.0000,127.3024
48330,106.7339,-60.0000,128.0638
48340,106.1726,-60.0000,128.7397
48350,105.5777,-60.0000,129.3893
48360,104.9643,-60.0000,130.0218
48370,104.3452,-60.0000,130.6487
48380,103.7242,-60.0000,131.2736
48390,103.1018,-60.0000,131.8972
48400,102.4791,-60.0000,132.5205
48410,101.8562,-60.0000,133.1436
48420,101.2333,-60.0000,133.7667
48430,100.6103,-60.0000,134.3897
48440,99.9873,-60.0000,135.0127
48450,99.8537,-60.0000,135.1463
48460,99.6530,-60.0000,134.6890
48470,99.5433,-60.0000,133.8578
48480,99.5401,-60.0000,133.8055
48490,99.5401,-60.0000,133.8055
48500,99.5401,-60.0000,133.8055
48510,99.5401,-60.0000,133.8055
48520,99.5401,-60.0000,133.8055
48530,99.5401,-60.0000,133.8055
48540,99.5401,-60.0000,133.8055
48550,99.5401,-60.0000,133.8055
48560,99.5401,-60.0000,133.8055
48570,99.5401,-60.0000,133.8055
48580,99.5401,-60.0000,133.8055
48590,99.5401,-60.0000,133.8055
48600,99.5401,-60.0000,133.8055
48610,99.5401,-60.0000,133.8055
48620,99.3212,-60.0000,134.3638
48630,98.8089,-60.0000,135.0776
48640,98.7520,-60.0000,135.1590
48650,98.7520,-60.0000,135.1590
48660,98.7520,-60.0000,135.1590
48670,98.7520,-60.0000,135.1590
48680,98.7520,-60.0000,135.1590
48690,98.7520,-60.0000,135.1590
48700,98.7520,-60.0000,135.1590
48710,98.7520,-60.0000,135.1590
48720,98.5730,-60.0000,134.5214
48730,98.5225,-60.0000,133.6429
48740,98.5139,-60.0000,132.7621
48750,98.5082,-60.0000,131.8812
48760,98.5052,-60.0000,131.0002
48770,98.5033,-60.0000,130.1191
48780,98.1475,-60.0000,129.3548
48790,97.7705,-60.0000,128.8563
48800,97.7705,-60.0000,128.8529
48810,97.7705,-60.0000,128.8529
48820,97.7705,-60.0000,128.8529
48830,97.7705,-60.0000,128.8529
48840,97.7705,-60.0000,128.8529
48850,97.7705,-60.0000,128.8529
48860,97.7705,-60.0000,128.8529
48870,97.7705,-60.0000,128.8529
48880,97.6700,-60.0000,128.3505
48890,97.5462,-60.0000,127.4819
48900,97.5273,-60.0000,126.6022
48910,97.5766,-60.0000,125.7404
48920,98.0901,-60.0000,125.0322
48930,98.3737,-60.0000,124.2201
48940,98.4656,-60.0000,123.3464
48950,98.4788,-60.0000,122.4660
48960,98.6359,-60.0000,121.6345
48970,99.1659,-60.0000,120.9331
48980,99.2249,-60.0000,120.8532
48990,99.2249,-60.0000,120.8532
49000,99.2249,-60.0000,120.8532
49010,99.2249,-60.0000,120.8532
49020,99.2249,-60.0000,120.8532
49030,99.2249,-60.0000,120.8532
49040,99.2249,-60.0000,120.8532
49050,99.2249,-60.0000,120.8532
49060,99.2249,-60.0000,120.8532
49070,99.2249,-60.0000,120.8532
49080,99.2249,-60.0000,120.8532
49090,99.2249,-60.0000,120.8532
49100,99.2249,-60.0000,120.8532
49110,99.2249,-60.0000,120.8532
49120,99.2249,-60.0000,120.8532
49130,99.2249,-60.0000,120.8532
49140,99.2249,-60.0000,120.8532
49150,99.2249,-60.0000,120.8532
49160,99.2249,-60.0000,120.8532
49170,99.2249,-60.0000,120.8532
49180,99.2249,-60.0000,120.8532
49190,99.2249,-60.0000,120.8532
49200,99.2249,-60.0000,120.8532
49210,99.2249,-60.0000,120.8532
49220,99.2249,-60.0000,120.8532
49230,99.2249,-60.0000,120.8532
49240,99.2249,-60.0000,120.8532
49250,99.2249,-60.0000,120.8532
49260,99.2249,-60.0000,120.8532
49270,99.5762,-60.0000,120.4803
49280,100.1800,-60.0000,119.8408
49290,100.7975,-60.0000,119.2124
49300,101.4173,-60.0000,118.5863
49310,102.0393,-60.0000,117.9622
49320,102.3440,-60.0000,117.1586
49330,102.7519,-60.0000,116.4019
49340,103.2423,-60.0000,115.6878
49350,103.4264,-60.0000,114.8287
49360,103.4666,-60.0000,113.9501
49370,103.4792,-60.0000,113.0697
49380,103.8495,-60.0000,112.3145
49390,104.2391,-60.0000,111.8258
49400,104.2391,-60.0000,111.8225
49410,104.2391,-60.0000,111.8225
49420,104.2391,-60.0000,111.8225
49430,104.2391,-60.0000,111.8225
49440,104.2391,-60.0000,111.8225
49450,104.2391,-60.0000,111.8225
49460,104.2391,-60.0000,111.8225
49470,104.2391,-60.0000,111.8225
49480,104.7135,-60.0000,111.3249
49490,105.3243,-60.0000,110.6906
49500,105.9433,-60.0000,110.0636
49510,106.5643,-60.0000,109.4386
49520,107.1864,-60.0000,108.8147
49530,107.8091,-60.0000,108.1914
49540,108.4319,-60.0000,107.5682
49550,109.0549,-60.0000,106.9452
49560,109.6778,-60.0000,106.3221
49570,110.3655,-60.0000,105.8082
49580,111.2152,-60.0000,105.5829
49590,112.0928,-60.0000,105.5331
49600,112.8086,-60.0000,105.0551
49610,113.1622,-60.0000,104.7742
49620,113.1622,-60.0000,104.7742
49630,113.1622,-60.0000,104.7742
49640,113.1622,-60.0000,104.7742
49650,113.0055,-60.0000,104.4727
49660,112.6826,-60.0000,103.8513
49670,112.6790,-60.0000,103.8406
49680,112.6790,-60.0000,103.8406
49690,112.6790,-60.0000,103.8406
49700,112.6790,-60.0000,103.8406
49710,112.6790,-60.0000,103.8406
49720,112.6790,-60.0000,103.8406
49730,112.6790,-60.0000,103.8406
49740,112.6790,-60.0000,103.8406
49750,112.6790,-60.0000,103.8406
49760,112.6790,-60.0000,103.8406
49770,112.6790,-60.0000,103.8406
49780,112.6790,-60.0000,103.8406
49790,112.6790,-60.0000,103.8406
49800,112.6790,-60.0000,103.8406
49810,112.6790,-60.0000,103.8406
49820,112.6790,-60.0000,103.8406
49830,112.6790,-60.0000,103.8406
49840,112.6790,-60.0000,103.8406
49850,112.6790,-60.0000,103.8406
49860,112.6790,-60.0000,103.8406
49870,112.6790,-60.0000,103.8406
49880,112.6263,-60.0000,103.3332
49890,112.5380,-60.0000,102.4601
49900,112.3743,-60.0000,101.6301
49910,111.8391,-60.0000,100.9328
49920,111.7796,-60.0000,100.8534
49930,111.7410,-60.0000,100.8428
49940,110.9474,-60.0000,100.6236
49950,110.0723,-60.0000,100.5389
49960,109.1921,-60.0000,100.5173
49970,108.3111,-60.0000,100.5109
49980,107.4302,-60.0000,100.5066
49990,106.5491,-60.0000,100.5040
50000,105.6681,-60.0000,100.5025
50010,104.7947,-60.0000,100.5250
50020,104.0880,-60.0000,101.0316
50030,103.8023,-60.0000,101.2563
50040,103.8023,-60.0000,101.2563
50050,103.8023,-60.0000,101.2563
50060,103.8023,-60.0000,101.2563
50070,103.8023,-60.0000,101.2563
50080,103.8023,-60.0000,101.2563
50090,103.8023,-60.0000,101.2563
50100,103.8023,-60.0000,101.2563
50110,103.8023,-60.0000,101.2563
50120,103.8023,-60.0000,101.2563
50130,103.3593,-60.0000,100.9990
50140,102.6287,-60.0000,100.5159
50150,101.9732,-60.0000,99.9275
50160,101.3373,-60.0000,99.3178
50170,100.7080,-60.0000,98.7011
50180,100.0832,-60.0000,98.0800
50190,99.4592,-60.0000,97.4580
50200,98.8256,-60.0000,96.8527
50210,97.9855,-60.0000,96.6145
50220,97.1108,-60.0000,96.5389
50230,96.3532,-60.0000,96.1700
50240,95.8366,-60.0000,95.8158
50250,95.5990,-60.0000,96.5863
50260,95.5284,-60.0000,97.4633
50270,95.5175,-60.0000,98.3439
50280,95.5103,-60.0000,99.2248
50290,95.5062,-60.0000,100.1058
50300,95.5040,-60.0000,100.9868
50310,95.5026,-60.0000,101.8679
50320,95.5016,-60.0000,102.7489
50330,95.5010,-60.0000,103.6300
50340,95.5007,-60.0000,104.1713
50350,95.5007,-60.0000,104.1713
50360,95.5007,-60.0000,104.1713
50370,95.5007,-60.0000,104.1713
50380,95.5007,-60.0000,104.1713
50390,95.5007,-60.0000,104.1713
50400,95.5007,-60.0000,104.1713
50410,95.5007,-60.0000,104.1713
50420,95.5007,-60.0000,104.1713
50430,95.5007,-60.0000,104.1713
50440,95.5007,-60.0000,104.1713
50450,95.5007,-60.0000,104.1713
50460,95.5007,-60.0000,104.1713
50470,95.5007,-60.0000,104.1713
50480,95.4309,-60.0000,104.0696
50490,95.4533,-60.0000,103.2226
50500,95.4718,-60.0000,102.3429
50510,95.6849,-60.0000,101.5314
50520,96.2042,-60.0000,100.8711
50530,96.2343,-60.0000,100.8299
50540,96.2343,-60.0000,100.8299
50550,96.6871,-60.0000,101.0696
50560,97.4202,-60.0000,101.5455
50570,98.0807,-60.0000,102.1283
50580,98.3606,-60.0000,102.9473
50590,98.4591,-60.0000,103.8186
50600,98.7792,-60.0000,104.5927
50610,99.2560,-60.0000,105.3165
50620,99.4315,-60.0000,106.1776
50630,99.4671,-60.0000,107.0564
50640,99.4783,-60.0000,107.9370
50650,99.8501,-60.0000,108.6911
50660,100.2412,-60.0000,109.1786
50670,100.2412,-60.0000,109.1819
50680,100.2412,-60.0000,109.1819
50690,100.2412,-60.0000,109.1819
50700,100.2412,-60.0000,109.1819
50710,100.2412,-60.0000,109.1819
50720,100.2412,-60.0000,109.1819
50730,100.2412,-60.0000,109.1819
50740,100.2412,-60.0000,109.1819
50750,100.2412,-60.0000,109.1819
50760,100.2412,-60.0000,109.1819
50770,100.2412,-60.0000,109.1819
50780,100.2412,-60.0000,109.1819
50790,100.2688,-60.0000,109.2109
50800,100.8375,-60.0000,109.8063
50810,101.2621,-60.0000,110.5466
50820,101.5727,-60.0000,111.3536
50830,102.1244,-60.0000,112.0394
50840,102.3817,-60.0000,112.8635
50850,102.4646,-60.0000,113.7377
50860,102.4781,-60.0000,114.6181
50870,102.6850,-60.0000,115.4329
50880,103.1933,-60.0000,116.1017
50890,103.2228,-60.0000,116.1434
50900,103.2228,-60.0000,116.1434
50910,103.2228,-60.0000,116.1434
50920,103.2228,-60.0000,116.1434
50930,103.2228,-60.0000,116.1434
50940,103.2228,-60.0000,116.1434
50950,103.2228,-60.0000,116.1434
50960,103.2228,-60.0000,116.1434
50970,103.2228,-60.0000,116.1434
50980,103.2228,-60.0000,116.1434
50990,103.2228,-60.0000,116.1434
51000,103.2228,-60.0000,116.1434
51010,103.2228,-60.0000,116.1434
51020,103.2228,-60.0000,116.1434
51030,103.2228,-60.0000,116.1434
51040,103.2228,-60.0000,116.1434
51050,103.2228,-60.0000,116.1434
51060,103.2228,-60.0000,116.1434
51070,103.2228,-60.0000,116.1434
51080,103.2228,-60.0000,116.1434
51090,103.2228,-60.0000,116.1434
51100,103.2228,-60.0000,116.1434
51110,103.2228,-60.0000,116.1434
51120,103.2909,-60.0000,116.4763
51130,103.4411,-60.0000,117.3377
51140,103.4696,-60.0000,118.2171
51150,103.4817,-60.0000,119.0976
51160,103.9566,-60.0000,119.8161
51170,104.2357,-60.0000,120.1710
51180,104.2357,-60.0000,120.1710
51190,104.2357,-60.0000,120.1710
51200,104.2357,-60.0000,120.1710
51210,104.2357,-60.0000,120.1710
51220,104.2357,-60.0000,120.1710
51230,104.2357,-60.0000,120.1710
51240,104.2357,-60.0000,120.1710
51250,104.2357,-60.0000,120.1710
51260,104.2357,-60.0000,120.1710
51270,104.2357,-60.0000,120.1710
51280,104.2357,-60.0000,120.1710
51290,104.2357,-60.0000,120.1710
51300,104.2357,-60.0000,120.1710
51310,104.2357,-60.0000,120.1710
51320,104.2357,-60.0000,120.1710
51330,104.2357,-60.0000,120.1710
51340,104.2357,-60.0000,120.1710
51350,104.2357,-60.0000,120.1710
51360,104.2357,-60.0000,120.1710
51370,104.2357,-60.0000,120.1710
51380,104.2357,-60.0000,120.1710
51390,104.2357,-60.0000,120.1710
51400,104.2357,-60.0000,120.1710
51410,104.2357,-60.0000,120.1710
51420,104.2357,-60.0000,120.1710
51430,104.2357,-60.0000,120.1710
51440,104.2357,-60.0000,120.1710
51450,104.2357,-60.0000,120.1710
51460,104.2357,-60.0000,120.1710
51470,104.2357,-60.0000,120.1710
51480,104.2357,-60.0000,120.1710
51490,104.2357,-60.0000,120.1710
51500,104.2357,-60.0000,120.1710
51510,104.2357,-60.0000,120.1710
51520,104.2357,-60.0000,120.1710
51530,104.2357,-60.0000,120.1710
51540,104.2357,-60.0000,120.1710
51550,104.2357,-60.0000,120.1710
51560,104.2357,-60.0000,120.1710
51570,104.2357,-60.0000,120.1710
51580,104.2357,-60.0000,120.1710
51590,104.2357,-60.0000,120.1710
51600,104.2357,-60.0000,120.1710
51610,104.2357,-60.0000,120.1710
51620,104.2357,-60.0000,120.1710
51630,104.2357,-60.0000,120.1710
51640,104.2357,-60.0000,120.1710
51650,104.2357,-60.0000,120.1710
51660,104.2357,-60.0000,120.1710
51670,104.2357,-60.0000,120.1710
51680,104.2357,-60.0000,120.1710
51690,104.2357,-60.0000,120.1710
51700,104.2357,-60.0000,120.1710
51710,104.2357,-60.0000,120.1710
51720,104.7315,-60.0000,120.3000
51730,105.5027,-60.0000,120.6807
51740,106.1919,-60.0000,121.2227
51750,107.0446,-60.0000,121.4164
51760,107.9218,-60.0000,121.4698
51770,108.8023,-60.0000,121.4810
51780,109.5814,-60.0000,121.7911
51790,110.1401,-60.0000,122.2213
51800,110.1497,-60.0000,122.2261
51810,110.1497,-60.0000,122.2261
51820,110.2378,-60.0000,122.0754
51830,110.4202,-60.0000,121.2412
51840,110.2186,-60.0000,120.4447
51850,109.7483,-60.0000,119.8243
51860,109.7348,-60.0000,119.8033
51870,109.7348,-60.0000,119.8033
51880,109.7348,-60.0000,119.8033
51890,109.7348,-60.0000,119.8033
51900,109.7348,-60.0000,119.8033
51910,109.7348,-60.0000,119.8033
51920,109.5819,-60.0000,119.8896
51930,108.8342,-60.0000,120.3208
51940,108.1700,-60.0000,120.8977
51950,107.5263,-60.0000,121.4990
51960,106.8956,-60.0000,122.1142
51970,106.8234,-60.0000,122.1816
51980,106.8234,-60.0000,122.1816
51990,106.8234,-60.0000,122.1816
52000,106.8234,-60.0000,122.1816
52010,106.8234,-60.0000,122.1816
52020,106.4605,-60.0000,122.5432
52030,105.8374,-60.0000,123.1640
52040,105.2141,-60.0000,123.7866
52050,104.8311,-60.0000,124.1692
52060,104.8311,-60.0000,124.1692
52070,104.8311,-60.0000,124.1692
52080,104.8311,-60.0000,124.1692
52090,104.8311,-60.0000,124.1692
52100,104.8311,-60.0000,124.1692
52110,104.8311,-60.0000,124.1692
52120,104.8311,-60.0000,124.1692
52130,104.8311,-60.0000,124.1692
52140,104.8311,-60.0000,124.1692
52150,104.8311,-60.0000,124.1692
52160,104.8311,-60.0000,124.1692
52170,104.8311,-60.0000,124.1692
52180,104.8311,-60.0000,124.1692
52190,104.8311,-60.0000,124.1692
52200,104.5909,-60.0000,124.4094
52210,103.9714,-60.0000,125.0287
52220,103.1690,-60.0000,125.3375
52230,102.4123,-60.0000,125.7467
52240,101.6973,-60.0000,126.2364
52250,100.8388,-60.0000,126.4232
52260,99.9602,-60.0000,126.4647
52270,99.0799,-60.0000,126.4780
52280,98.3235,-60.0000,126.8469
52290,97.8087,-60.0000,127.2035
52300,98.3320,-60.0000,126.6363
52310,98.9634,-60.0000,126.0221
52320,99.5906,-60.0000,125.4034
52330,100.2155,-60.0000,124.7823
52340,100.8390,-60.0000,124.1598
52350,101.4624,-60.0000,123.5372
52360,102.0855,-60.0000,122.9143
52370,102.3551,-60.0000,122.0892
52380,102.7994,-60.0000,121.3496
52390,103.1968,-60.0000,120.8671
52400,103.1968,-60.0000,120.8638
52410,103.1968,-60.0000,120.8638
52420,103.1968,-60.0000,120.8638
52430,103.1968,-60.0000,120.8638
52440,103.1968,-60.0000,120.8638
52450,103.1968,-60.0000,120.8638
52460,103.1968,-60.0000,120.8638
52470,103.1968,-60.0000,120.8638
52480,103.1968,-60.0000,120.8638
52490,103.1968,-60.0000,120.8638
52500,103.1968,-60.0000,120.8638
52510,103.1968,-60.0000,120.8638
52520,103.1968,-60.0000,120.8638
52530,103.1968,-60.0000,120.8638
52540,103.1968,-60.0000,120.8638
52550,103.1968,-60.0000,120.8638
52560,103.1968,-60.0000,120.8638
52570,103.6572,-60.0000,121.0886
52580,104.4788,-60.0000,121.3718
52590,105.3181,-60.0000,121.5670
52600,106.0110,-60.0000,122.1072
52610,106.1583,-60.0000,122.2228
52620,106.1583,-60.0000,122.2228
52630,106.1583,-60.0000,122.2228
52640,106.1583,-60.0000,122.2228
52650,106.1583,-60.0000,122.2228
52660,106.1583,-60.0000,122.2228
52670,106.1583,-60.0000,122.2228
52680,106.1583,-60.0000,122.2228
52690,106.1583,-60.0000,122.2228
52700,106.1583,-60.0000,122.2228
52710,106.1583,-60.0000,122.2228
52720,106.1583,-60.0000,122.2228
52730,106.6093,-60.0000,121.9798
52740,107.3512,-60.0000,121.5158
52750,108.0119,-60.0000,120.9333
52760,108.1888,-60.0000,120.8290
52770,108.9218,-60.0000,121.2040
52780,109.6238,-60.0000,121.7266
52790,110.2790,-60.0000,122.3154
52800,110.9118,-60.0000,122.9285
52810,111.5398,-60.0000,123.5463
52820,112.1649,-60.0000,124.1673
52830,112.7885,-60.0000,124.7896
52840,113.1716,-60.0000,125.1721
52850,113.1716,-60.0000,125.1721
52860,113.1716,-60.0000,125.1721
52870,113.1716,-60.0000,125.1721
52880,113.1716,-60.0000,125.1721
52890,113.1716,-60.0000,125.1721
52900,113.1716,-60.0000,125.1721
52910,113.1716,-60.0000,125.1721
52920,113.1716,-60.0000,125.1721
52930,113.1716,-60.0000,125.1721
52940,113.1716,-60.0000,125.1721
52950,113.1716,-60.0000,125.1721
52960,113.1716,-60.0000,125.1721
52970,113.1716,-60.0000,125.1721
52980,113.1716,-60.0000,125.1721
52990,113.1716,-60.0000,125.1721
53000,113.1716,-60.0000,125.1721
53010,113.1716,-60.0000,125.1721
53020,113.5340,-60.0000,125.5343
53030,114.1560,-60.0000,126.1561
53040,114.7791,-60.0000,126.7791
53050,115.4899,-60.0000,127.2499
53060,116.3488,-60.0000,127.4326
53070,117.2279,-60.0000,127.4655
53080,118.1084,-60.0000,127.4794
53090,118.8244,-60.0000,127.9573
53100,119.1779,-60.0000,128.2383
53110,119.1779,-60.0000,128.2383
53120,119.1779,-60.0000,128.2383
53130,119.1779,-60.0000,128.2383
53140,119.1779,-60.0000,128.2383
53150,119.1779,-60.0000,128.2383
53160,118.7146,-60.0000,128.4154
53170,117.8387,-60.0000,128.4722
53180,116.9580,-60.0000,128.4827
53190,116.0771,-60.0000,128.4892
53200,115.1961,-60.0000,128.4933
53210,114.3151,-60.0000,128.4957
53220,113.4340,-60.0000,128.4975
53230,112.6027,-60.0000,128.3466
53240,111.9035,-60.0000,127.8139
53250,111.8239,-60.0000,127.7547
53260,111.8239,-60.0000,127.7547
53270,111.8239,-60.0000,127.7547
53280,111.8239,-60.0000,127.7547
53290,111.2248,-60.0000,128.0920
53300,110.5095,-60.0000,128.5971
53310,109.8537,-60.0000,129.1853
53320,109.2207,-60.0000,129.7980
53330,108.5918,-60.0000,130.4151
53340,107.9668,-60.0000,131.0361
53350,107.3430,-60.0000,131.6583
53360,106.7196,-60.0000,132.2809
53370,106.0965,-60.0000,132.9038
53380,105.4734,-60.0000,133.5267
53390,104.8675,-60.0000,134.1598
53400,104.6227,-60.0000,134.9982
53410,104.1437,-60.0000,135.7203
53420,103.8020,-60.0000,136.1379
53430,103.8020,-60.0000,136.1379
53440,103.8020,-60.0000,136.1379
53450,103.8020,-60.0000,136.1379
53460,103.8020,-60.0000,136.1379
53470,103.8020,-60.0000,136.1379
53480,103.8020,-60.0000,136.1379
53490,104.1155,-60.0000,136.7497
53500,104.6017,-60.0000,137.4763
53510,105.1838,-60.0000,138.1375
53520,105.7946,-60.0000,138.7723
53530,106.2572,-60.0000,139.4897
53540,106.5324,-60.0000,140.3123
53550,107.0843,-60.0000,140.9969
53560,107.2019,-60.0000,141.1425
53570,107.2019,-60.0000,141.1425
53580,107.2019,-60.0000,141.1425
53590,107.2019,-60.0000,141.1425
53600,107.2019,-60.0000,141.1425
53610,107.2019,-60.0000,141.1425
53620,107.3233,-60.0000,141.2694
53630,107.9203,-60.0000,141.8938
53640,108.5353,-60.0000,142.5246
53650,109.1378,-60.0000,143.1610
53660,109.3796,-60.0000,144.0003
53670,109.8580,-60.0000,144.7225
53680,110.1998,-60.0000,145.1400
53690,110.1998,-60.0000,145.1400
53700,110.1998,-60.0000,145.1400
53710,110.1998,-60.0000,145.1400
53720,110.1998,-60.0000,145.1400
53730,110.1998,-60.0000,145.1400
53740,110.1998,-60.0000,145.1400
53750,110.1998,-60.0000,145.1400
53760,110.1998,-60.0000,145.1400
53770,110.1998,-60.0000,145.1400
53780,110.1998,-60.0000,145.1400
53790,110.1998,-60.0000,145.1400
53800,110.1998,-60.0000,145.1400
53810,110.1998,-60.0000,145.1400
53820,110.1998,-60.0000,145.1400
53830,110.1998,-60.0000,145.1400
53840,110.1998,-60.0000,145.1400
53850,110.1998,-60.0000,145.1400
53860,110.1815,-60.0000,145.1756
53870,109.8048,-60.0000,145.9077
53880,109.2825,-60.0000,146.6102
53890,108.6484,-60.0000,147.1898
53900,107.8005,-60.0000,147.4157
53910,106.9229,-60.0000,147.4655
53920,106.2046,-60.0000,147.9404
53930,105.4320,-60.0000,148.3137
53940,104.5639,-60.0000,148.4507
53950,103.6840,-60.0000,148.4711
53960,102.8111,-60.0000,148.5058
53970,102.1060,-60.0000,149.0144
53980,101.8210,-60.0000,149.2399
53990,101.8210,-60.0000,149.2399
54000,101.8210,-60.0000,149.2399
54010,101.8210,-60.0000,149.2399
54020,101.8210,-60.0000,149.2399
54030,101.8210,-60.0000,149.2399
54040,101.8210,-60.0000,149.2399
54050,101.8210,-60.0000,149.2399
54060,101.8210,-60.0000,149.2399
54070,101.8210,-60.0000,149.2399
54080,101.8210,-60.0000,149.2399
54090,101.8210,-60.0000,149.2399
54100,101.8210,-60.0000,149.2399
54110,101.8210,-60.0000,149.2399
54120,101.8210,-60.0000,149.2399
54130,101.8210,-60.0000,149.2399
54140,101.8210,-60.0000,149.2399
54150,101.8210,-60.0000,149.2399
54160,101.8210,-60.0000,149.2399
54170,101.8210,-60.0000,149.2399
54180,101.8210,-60.0000,149.2399
54190,101.8210,-60.0000,149.2399
54200,101.8210,-60.0000,149.2399
54210,101.8210,-60.0000,149.2399
54220,101.8210,-60.0000,149.2399
54230,101.8210,-60.0000,149.2399
54240,101.8210,-60.0000,149.2399
54250,101.8210,-60.0000,149.2399
54260,101.7359,-60.0000,149.0883
54270,101.5715,-60.0000,148.2489
54280,101.5241,-60.0000,147.3701
54290,101.5150,-60.0000,146.4894
54300,101.5098,-60.0000,145.7840
54310,101.5098,-60.0000,145.7719
54320,101.5098,-60.0000,145.7719
54330,101.5098,-60.0000,145.7719
54340,101.5098,-60.0000,145.7719
54350,101.5098,-60.0000,145.7719
54360,101.5098,-60.0000,145.7719
54370,101.5098,-60.0000,145.7719
54380,101.5098,-60.0000,145.7719
54390,101.5098,-60.0000,145.7719
54400,101.5098,-60.0000,145.7719
54410,101.5098,-60.0000,145.7719
54420,101.5098,-60.0000,145.7719
54430,101.5098,-60.0000,145.7719
54440,101.5098,-60.0000,145.7719
54450,101.5098,-60.0000,145.7719
54460,101.5098,-60.0000,145.7719
54470,101.5098,-60.0000,145.7719
54480,101.5098,-60.0000,145.7719
54490,101.5098,-60.0000,145.7719
54500,101.5098,-60.0000,145.7719
54510,101.5098,-60.0000,145.7719
54520,101.5098,-60.0000,145.7719
54530,101.5098,-60.0000,145.7719
54540,101.5098,-60.0000,145.7719
54550,101.5098,-60.0000,145.7719
54560,101.5098,-60.0000,145.7719
54570,101.5098,-60.0000,145.7719
54580,101.5098,-60.0000,145.7719
54590,101.5098,-60.0000,145.7719
54600,101.5098,-60.0000,145.7719
54610,101.5098,-60.0000,145.7719
54620,101.5098,-60.0000,145.7719
54630,101.5098,-60.0000,145.7719
54640,101.5098,-60.0000,145.7719
54650,101.5098,-60.0000,145.7719
54660,101.5098,-60.0000,145.7719
54670,101.5098,-60.0000,145.7719
54680,101.5098,-60.0000,145.7719
54690,101.5498,-60.0000,145.7710
54700,102.1976,-60.0000,146.2618
54710,102.8371,-60.0000,146.8675
54720,103.4694,-60.0000,147.4810
54730,104.0959,-60.0000,148.1004
54740,104.7202,-60.0000,148.7222
54750,105.4098,-60.0000,149.2303
54760,106.2659,-60.0000,149.4265
54770,107.1371,-60.0000,149.4879
54780,107.8477,-60.0000,149.9894
54790,108.1353,-60.0000,150.2117
54800,108.1353,-60.0000,150.2117
54810,108.1092,-60.0000,150.0812
54820,107.8790,-60.0000,149.8428
54830,107.8790,-60.0000,149.8428
54840,107.8790,-60.0000,149.8428
54850,107.8790,-60.0000,149.8428
54860,107.8790,-60.0000,149.8428
54870,107.8790,-60.0000,149.8428
54880,108.5066,-60.0000,149.6156
54890,109.3819,-60.0000,149.5306
54900,110.2625,-60.0000,149.5186
54910,111.1364,-60.0000,149.5345
54920,111.8583,-60.0000,150.0209
54930,112.0735,-60.0000,150.3928
54940,111.6693,-60.0000,151.1544
54950,111.0990,-60.0000,151.8238
54960,110.8013,-60.0000,152.1631
54970,110.8013,-60.0000,152.1631
54980,110.8013,-60.0000,152.1631
54990,111.2709,-60.0000,151.7782
55000,111.8805,-60.0000,151.1432
55010,112.4959,-60.0000,150.5128
55020,113.0998,-60.0000,149.8772
55030,113.3574,-60.0000,149.0421
55040,113.4591,-60.0000,148.1714
55050,113.7807,-60.0000,147.3984
55060,114.2208,-60.0000,146.8475
55070,114.2257,-60.0000,146.8381
55080,114.2257,-60.0000,146.8381
55090,114.2257,-60.0000,146.8381
55100,114.2257,-60.0000,146.8381
55110,114.2257,-60.0000,146.8381
55120,114.2257,-60.0000,146.8381
55130,114.2257,-60.0000,146.8381
55140,114.2257,-60.0000,146.8381
55150,114.2257,-60.0000,146.8381
55160,114.2257,-60.0000,146.8381
55170,114.2257,-60.0000,146.8381
55180,114.2257,-60.0000,146.8381
55190,114.2257,-60.0000,146.8381
55200,114.2257,-60.0000,146.8381
55210,114.2257,-60.0000,146.8381
55220,114.2257,-60.0000,146.8381
55230,114.2257,-60.0000,146.8381
55240,114.2257,-60.0000,146.8381
55250,114.2257,-60.0000,146.8381
55260,114.2257,-60.0000,146.8381
55270,114.2257,-60.0000,146.8381
55280,114.2257,-60.0000,146.8381
55290,114.2257,-60.0000,146.8381
55300,114.2257,-60.0000,146.8381
55310,114.2257,-60.0000,146.8381
55320,114.2257,-60.0000,146.8381
55330,114.2257,-60.0000,146.8381
55340,114.2257,-60.0000,146.8381
55350,114.2257,-60.0000,146.8381
55360,114.2257,-60.0000,146.8381
55370,114.2257,-60.0000,146.8381
55380,114.2257,-60.0000,146.8381
55390,114.2257,-60.0000,146.8381
55400,113.9826,-60.0000,146.9696
55410,113.6607,-60.0000,147.7517
55420,113.2986,-60.0000,148.5289
55430,112.8046,-60.0000,149.1311
55440,112.7905,-60.0000,149.1515
55450,112.7905,-60.0000,149.1515
55460,112.7905,-60.0000,149.1515
55470,112.7905,-60.0000,149.1515
55480,112.7905,-60.0000,149.1515
55490,112.4625,-60.0000,149.2401
55500,111.6112,-60.0000,149.4346
55510,110.7322,-60.0000,149.4702
55520,109.8515,-60.0000,149.4816
55530,108.9706,-60.0000,149.4884
55540,108.0896,-60.0000,149.4927
55550,107.2086,-60.0000,149.4954
55560,106.4255,-60.0000,149.1950
55570,105.8612,-60.0000,148.7722
55580,105.8516,-60.0000,148.7675
55590,105.8516,-60.0000,148.7675
55600,105.8516,-60.0000,148.7675
55610,105.8516,-60.0000,148.7675
55620,105.8516,-60.0000,148.7675
55630,105.8516,-60.0000,148.7675
55640,105.8516,-60.0000,148.7675
55650,105.8516,-60.0000,148.7675
55660,105.8756,-60.0000,148.7355
55670,106.5828,-60.0000,148.8808
55680,107.1674,-60.0000,149.2742
55690,107.1774,-60.0000,149.2786
55700,107.1774,-60.0000,149.2786
55710,107.1774,-60.0000,149.2786
55720,107.1774,-60.0000,149.2786
55730,107.1774,-60.0000,149.2786
55740,107.1774,-60.0000,149.2786
55750,107.1774,-60.0000,149.2786
55760,107.1774,-60.0000,149.2786
55770,107.1774,-60.0000,149.2786
55780,107.1774,-60.0000,149.2786
55790,107.1774,-60.0000,149.2786
55800,107.1774,-60.0000,149.2786
55810,107.1774,-60.0000,149.2786
55820,107.1774,-60.0000,149.2786
55830,107.1774,-60.0000,149.2786
55840,107.1774,-60.0000,149.2786
55850,107.1774,-60.0000,149.2786
55860,107.1485,-60.0000,149.1439
55870,106.7401,-60.0000,148.4249
55880,106.4222,-60.0000,147.6207
55890,105.8647,-60.0000,146.9396
55900,105.6276,-60.0000,146.1017
55910,105.5440,-60.0000,145.2278
55920,105.5267,-60.0000,144.3479
55930,105.3146,-60.0000,143.5359
55940,104.7969,-60.0000,142.8744
55950,104.7668,-60.0000,142.8331
55960,104.7668,-60.0000,142.8331
55970,104.7668,-60.0000,142.8331
55980,104.7668,-60.0000,142.8331
55990,104.7668,-60.0000,142.8331
56000,104.7668,-60.0000,142.8331
56010,104.7668,-60.0000,142.8331
56020,104.7668,-60.0000,142.8331
56030,104.7668,-60.0000,142.8331
56040,105.2487,-60.0000,143.2132
56050,105.8621,-60.0000,143.8445
56060,106.4797,-60.0000,144.4729
56070,107.1006,-60.0000,145.0979
56080,107.7229,-60.0000,145.7216
56090,108.2312,-60.0000,146.4111
56100,108.4270,-60.0000,147.2672
56110,108.4883,-60.0000,148.1385
56120,108.9900,-60.0000,148.8488
56130,109.2124,-60.0000,149.1364
56140,109.2124,-60.0000,149.1364
56150,109.2124,-60.0000,149.1364
56160,109.2124,-60.0000,149.1364
56170,109.2124,-60.0000,149.1364
56180,109.2124,-60.0000,149.1364
56190,109.2124,-60.0000,149.1364
56200,109.2124,-60.0000,149.1364
56210,109.2124,-60.0000,149.1364
56220,109.2124,-60.0000,149.1364
56230,109.2124,-60.0000,149.1364
56240,109.2124,-60.0000,149.1364
56250,109.2124,-60.0000,149.1364
56260,109.2124,-60.0000,149.1364
56270,109.2124,-60.0000,149.1364
56280,109.2124,-60.0000,149.1364
56290,109.2124,-60.0000,149.1364
56300,109.2124,-60.0000,149.1364
56310,109.2124,-60.0000,149.1364
56320,109.2124,-60.0000,149.1364
56330,109.2124,-60.0000,149.1364
56340,109.2124,-60.0000,149.1364
56350,108.9166,-60.0000,149.3006
56360,108.0568,-60.0000,149.4379
56370,107.1778,-60.0000,149.4759
56380,106.2971,-60.0000,149.4849
56390,105.4161,-60.0000,149.4904
56400,104.5351,-60.0000,149.4943
56410,103.8297,-60.0000,149.4961
56420,103.8176,-60.0000,149.4961
56430,103.8176,-60.0000,149.4961
56440,103.8176,-60.0000,149.4961
56450,103.2692,-60.0000,149.0816
56460,102.5894,-60.0000,148.5235
56470,101.9471,-60.0000,147.9206
56480,101.6605,-60.0000,147.1017
56490,101.2109,-60.0000,146.3635
56500,100.7254,-60.0000,145.6472
56510,100.5579,-60.0000,144.7848
56520,100.5264,-60.0000,143.9055
56530,100.5171,-60.0000,143.0248
56540,100.1030,-60.0000,142.2817
56550,99.7752,-60.0000,141.8529
56560,99.7752,-60.0000,141.8529
56570,99.7752,-60.0000,141.8529
56580,99.7752,-60.0000,141.8529
56590,99.7752,-60.0000,141.8529
56600,99.7752,-60.0000,141.8529
56610,99.7752,-60.0000,141.8529
56620,99.7752,-60.0000,141.8529
56630,99.7752,-60.0000,141.8529
56640,99.7752,-60.0000,141.8529
56650,99.7752,-60.0000,141.8529
56660,99.7752,-60.0000,141.8529
56670,99.7752,-60.0000,141.8529
56680,99.7752,-60.0000,141.8529
56690,99.7752,-60.0000,141.8529
56700,99.7752,-60.0000,141.8529
56710,100.4104,-60.0000,141.6226
56720,101.2647,-60.0000,141.4725
56730,101.9593,-60.0000,140.9382
56740,102.1745,-60.0000,140.7666
56750,102.1745,-60.0000,140.7666
56760,102.1745,-60.0000,140.7666
56770,102.1745,-60.0000,140.7666
56780,102.1745,-60.0000,140.7666
56790,102.1745,-60.0000,140.7666
56800,102.1745,-60.0000,140.7666
56810,102.1745,-60.0000,140.7666
56820,102.1745,-60.0000,140.7666
56830,102.1745,-60.0000,140.7666
56840,102.1745,-60.0000,140.7666
56850,102.1745,-60.0000,140.7666
56860,102.3467,-60.0000,140.7319
56870,103.1943,-60.0000,140.5672
56880,104.0731,-60.0000,140.5316
56890,104.9537,-60.0000,140.5207
56900,105.8345,-60.0000,140.5127
56910,106.7154,-60.0000,140.5079
56920,107.5965,-60.0000,140.5049
56930,108.4775,-60.0000,140.5029
56940,109.3586,-60.0000,140.5018
56950,110.2210,-60.0000,140.5598
56960,110.9326,-60.0000,141.0690
56970,111.1532,-60.0000,141.2338
56980,111.1532,-60.0000,141.2338
56990,111.1532,-60.0000,141.2338
57000,111.1532,-60.0000,141.2338
57010,111.1532,-60.0000,141.2338
57020,111.6541,-60.0000,141.7047
57030,112.3379,-60.0000,142.2309
57040,113.1856,-60.0000,142.4487
57050,113.8786,-60.0000,142.9832
57060,114.1594,-60.0000,143.2138
57070,114.1594,-60.0000,143.2138
57080,114.1594,-60.0000,143.2138
57090,114.1594,-60.0000,143.2138
57100,114.1594,-60.0000,143.2138
57110,114.1594,-60.0000,143.2138
57120,114.1594,-60.0000,143.2138
57130,114.1594,-60.0000,143.2138
57140,114.1594,-60.0000,143.2138
57150,114.1594,-60.0000,143.2138
57160,114.1594,-60.0000,143.2138
57170,114.1594,-60.0000,143.2138
57180,114.1594,-60.0000,143.2138
57190,114.1594,-60.0000,143.2138
57200,114.1594,-60.0000,143.2138
57210,114.1594,-60.0000,143.2138
57220,114.1594,-60.0000,143.2138
57230,114.1594,-60.0000,143.2138
57240,114.1594,-60.0000,143.2138
57250,114.1594,-60.0000,143.2138
57260,114.1594,-60.0000,143.2138
57270,114.1594,-60.0000,143.2138
57280,114.1594,-60.0000,143.2138
57290,114.1594,-60.0000,143.2138
57300,114.1594,-60.0000,143.2138
57310,114.1594,-60.0000,143.2138
57320,114.0277,-60.0000,142.9730
57330,113.3978,-60.0000,142.3702
57340,112.7660,-60.0000,141.7562
57350,112.1404,-60.0000,141.1359
57360,111.5159,-60.0000,140.5143
57370,110.8924,-60.0000,139.8918
57380,110.2692,-60.0000,139.2690
57390,109.5798,-60.0000,138.7615
57400,108.7228,-60.0000,138.5694
57410,107.8514,-60.0000,138.5095
57420,107.1424,-60.0000,138.0061
57430,106.8555,-60.0000,137.7829
57440,106.8555,-60.0000,137.7829
57450,106.8555,-60.0000,137.7829
57460,106.8555,-60.0000,137.7829
57470,106.8555,-60.0000,137.7829
57480,106.8555,-60.0000,137.7829
57490,106.8555,-60.0000,137.7829
57500,106.8555,-60.0000,137.7829
57510,106.8555,-60.0000,137.7829
57520,106.8555,-60.0000,137.7829
57530,106.8555,-60.0000,137.7829
57540,106.8555,-60.0000,137.7829
57550,106.8555,-60.0000,137.7829
57560,106.8555,-60.0000,137.7829
57570,106.8555,-60.0000,137.7829
57580,106.8555,-60.0000,137.7829
57590,106.8555,-60.0000,137.7829
57600,106.8555,-60.0000,137.7829
57610,106.8555,-60.0000,137.7829
57620,106.8555,-60.0000,137.7829
57630,106.8555,-60.0000,137.7829
57640,106.8555,-60.0000,137.7829
57650,106.8555,-60.0000,137.7829
57660,106.8555,-60.0000,137.7829
57670,106.8555,-60.0000,137.7829
57680,106.8555,-60.0000,137.7829
57690,107.3169,-60.0000,137.6065
57700,108.1918,-60.0000,137.5280
57710,109.0724,-60.0000,137.5172
57720,109.9533,-60.0000,137.5112
57730,110.8343,-60.0000,137.5069
57740,111.7153,-60.0000,137.5043
57750,112.5964,-60.0000,137.5027
57760,113.4774,-60.0000,137.5016
57770,114.3585,-60.0000,137.5009
57780,115.1377,-60.0000,137.5006
57790,115.1641,-60.0000,137.5006
57800,114.8138,-60.0000,136.9261
57810,114.6051,-60.0000,136.0799
57820,114.5368,-60.0000,135.2040
57830,114.5234,-60.0000,134.3237
57840,114.3099,-60.0000,133.5132
57850,113.7870,-60.0000,132.8559
57860,113.7566,-60.0000,132.8149
57870,113.7566,-60.0000,132.8149
57880,113.7566,-60.0000,132.8149
57890,113.7289,-60.0000,132.7860
57900,113.1601,-60.0000,132.1907
57910,112.5464,-60.0000,131.5588
57920,111.9271,-60.0000,130.9321
57930,111.3054,-60.0000,130.3078
57940,110.6831,-60.0000,129.6841
57950,110.0603,-60.0000,129.0608
57960,109.4375,-60.0000,128.4377
57970,108.8865,-60.0000,127.8867
57980,108.8678,-60.0000,127.8680
57990,108.8678,-60.0000,127.8680
58000,108.8678,-60.0000,127.8680
58010,108.8678,-60.0000,127.8680
58020,108.8678,-60.0000,127.8680
58030,108.8678,-60.0000,127.8680
58040,108.8678,-60.0000,127.8680
58050,108.8678,-60.0000,127.8680
58060,108.8678,-60.0000,127.8680
58070,108.8678,-60.0000,127.8680
58080,108.8678,-60.0000,127.8680
58090,108.8678,-60.0000,127.8680
58100,108.8678,-60.0000,127.8680
58110,108.8678,-60.0000,127.8680
58120,108.8678,-60.0000,127.8680
58130,108.8678,-60.0000,127.8680
58140,108.8678,-60.0000,127.8680
58150,108.8678,-60.0000,127.8680
58160,108.8678,-60.0000,127.8680
58170,108.8678,-60.0000,127.8680
58180,108.8678,-60.0000,127.8680
58190,108.8678,-60.0000,127.8680
58200,108.8678,-60.0000,127.8680
58210,108.8678,-60.0000,127.8680
58220,108.8678,-60.0000,127.8680
58230,108.8678,-60.0000,127.8680
58240,108.3817,-60.0000,127.3819
58250,107.7591,-60.0000,126.7592
58260,107.1361,-60.0000,126.1362
58270,106.8779,-60.0000,125.8780
58280,106.8779,-60.0000,125.8780
58290,106.8779,-60.0000,125.8780
58300,106.8779,-60.0000,125.8780
58310,106.8779,-60.0000,125.8780
58320,106.8779,-60.0000,125.8780
58330,106.8779,-60.0000,125.8780
58340,106.8779,-60.0000,125.8780
58350,106.8779,-60.0000,125.8780
58360,106.8779,-60.0000,125.8780
58370,106.8779,-60.0000,125.8780
58380,106.8779,-60.0000,125.8780
58390,106.8779,-60.0000,125.8780
58400,106.8779,-60.0000,125.8780
58410,106.8779,-60.0000,125.8780
58420,106.8779,-60.0000,125.8780
58430,106.8779,-60.0000,125.8780
58440,106.8779,-60.0000,125.8780
58450,106.8779,-60.0000,125.8780
58460,106.8779,-60.0000,125.8780
58470,106.8779,-60.0000,125.8780
58480,106.8779,-60.0000,125.8780
58490,106.8779,-60.0000,125.8780
58500,106.8779,-60.0000,125.8780
58510,106.8779,-60.0000,125.8780
58520,106.8779,-60.0000,125.8780
58530,106.8779,-60.0000,125.8780
58540,106.8779,-60.0000,125.8780
58550,106.8779,-60.0000,125.8780
58560,106.8779,-60.0000,125.8780
58570,106.8779,-60.0000,125.8780
58580,106.8779,-60.0000,125.8780
58590,106.8779,-60.0000,125.8780
58600,106.8779,-60.0000,125.8780
58610,106.8779,-60.0000,125.8780
58620,106.8779,-60.0000,125.8780
58630,106.8779,-60.0000,125.8780
58640,106.8779,-60.0000,125.8780
58650,106.8779,-60.0000,125.8780
58660,106.8779,-60.0000,125.8780
58670,106.8779,-60.0000,125.8780
58680,106.8779,-60.0000,125.8780
58690,106.8779,-60.0000,125.8780
58700,106.8779,-60.0000,125.8780
58710,106.8779,-60.0000,125.8780
58720,106.8779,-60.0000,125.8780
58730,106.8779,-60.0000,125.8780
58740,106.8779,-60.0000,125.8780
58750,106.8779,-60.0000,125.8780
58760,106.8779,-60.0000,125.8780
58770,106.8779,-60.0000,125.8780
58780,106.8779,-60.0000,125.8780
58790,106.8779,-60.0000,125.8780
58800,106.8779,-60.0000,125.8780
58810,106.8779,-60.0000,125.8780
58820,106.8779,-60.0000,125.8780
58830,106.8779,-60.0000,125.8780
58840,106.8779,-60.0000,125.8780
58850,106.8779,-60.0000,125.8780
58860,106.8779,-60.0000,125.8780
58870,106.8779,-60.0000,125.8780
58880,106.8779,-60.0000,125.8780
58890,106.8779,-60.0000,125.8780
58900,106.8779,-60.0000,125.8780
58910,106.8779,-60.0000,125.8780
58920,106.8779,-60.0000,125.8780
58930,106.8779,-60.0000,125.8780
58940,106.8779,-60.0000,125.8780
58950,106.8779,-60.0000,125.8780
58960,106.8779,-60.0000,125.8780
58970,106.8779,-60.0000,125.8780
58980,106.8779,-60.0000,125.8780
58990,106.8779,-60.0000,125.8780
59000,106.8779,-60.0000,125.8780
59010,106.8779,-60.0000,125.8780
59020,106.8779,-60.0000,125.8780
59030,106.8779,-60.0000,125.8780
59040,106.8779,-60.0000,125.8780
59050,106.8779,-60.0000,125.8780
59060,106.8779,-60.0000,125.8780
59070,106.8779,-60.0000,125.8780
59080,106.8779,-60.0000,125.8780
59090,106.8779,-60.0000,125.8780
59100,106.8779,-60.0000,125.8780
59110,106.8779,-60.0000,125.8780
59120,106.8779,-60.0000,125.8780
59130,106.8779,-60.0000,125.8780
59140,106.8779,-60.0000,125.8780
59150,106.8779,-60.0000,125.8780
59160,106.8779,-60.0000,125.8780
59170,106.8779,-60.0000,125.8780
59180,107.2552,-60.0000,126.3083
59190,107.4300,-60.0000,127.1684
59200,107.4660,-60.0000,128.0472
59210,107.9001,-60.0000,128.7758
59220,108.3149,-60.0000,129.5252
59230,108.4560,-60.0000,130.3928
59240,108.4754,-60.0000,131.2727
59250,108.5075,-60.0000,132.1461
59260,109.0050,-60.0000,132.8598
59270,109.2256,-60.0000,133.1487
59280,109.2256,-60.0000,133.1487
59290,109.2256,-60.0000,133.1487
59300,109.8383,-60.0000,132.8368
59310,110.5530,-60.0000,132.3335
59320,111.2113,-60.0000,131.7482
59330,111.8448,-60.0000,131.1359
59340,112.4737,-60.0000,130.5189
59350,113.0990,-60.0000,129.8981
59360,113.7227,-60.0000,129.2759
59370,114.3461,-60.0000,128.6533
59380,114.9693,-60.0000,128.0304
59390,115.5923,-60.0000,127.4075
59400,116.2154,-60.0000,126.7845
59410,116.8384,-60.0000,126.1615
59420,117.1589,-60.0000,125.8410
59430,117.1589,-60.0000,125.8410
59440,117.1589,-60.0000,125.8410
59450,117.1589,-60.0000,125.8410
59460,117.6187,-60.0000,126.0669
59470,118.4321,-60.0000,126.3752
59480,119.2860,-60.0000,126.5293
59490,119.9765,-60.0000,127.0687
59500,120.7815,-60.0000,127.3662
59510,121.6543,-60.0000,127.4635
59520,122.5346,-60.0000,127.4776
59530,123.3660,-60.0000,127.6352
59540,124.0671,-60.0000,128.1656
59550,124.1469,-60.0000,128.2246
59560,124.1469,-60.0000,128.2246
59570,124.3303,-60.0000,128.8871
59580,124.4495,-60.0000,129.7559
59590,124.4814,-60.0000,130.6358
59600,124.4884,-60.0000,131.5167
59610,124.4932,-60.0000,132.3977
59620,124.4959,-60.0000,133.2787
59630,124.4975,-60.0000,134.1597
59640,124.4985,-60.0000,135.0408
59650,124.4991,-60.0000,135.9218
59660,124.4992,-60.0000,136.1989
59670,124.4992,-60.0000,136.1989
59680,124.4992,-60.0000,136.1989
59690,124.4992,-60.0000,136.1989
59700,124.5392,-60.0000,136.1988
59710,124.3044,-60.0000,135.5134
59720,123.7740,-60.0000,134.8157
59730,123.5834,-60.0000,133.9619
59740,123.5305,-60.0000,133.0846
59750,123.5192,-60.0000,132.2041
59760,123.2100,-60.0000,131.4244
59770,122.7810,-60.0000,130.8647
59780,122.7763,-60.0000,130.8551
59790,122.7763,-60.0000,130.8551
59800,122.7763,-60.0000,130.8551
59810,122.6739,-60.0000,130.3532
59820,122.3560,-60.0000,129.5573
59830,121.8283,-60.0000,128.9031
59840,121.7977,-60.0000,128.8622
59850,121.7977,-60.0000,128.8622
59860,121.7977,-60.0000,128.8622
59870,121.7977,-60.0000,128.8622
59880,121.8287,-60.0000,128.8370
59890,122.4911,-60.0000,129.2197
59900,123.3446,-60.0000,129.4230
59910,124.2233,-60.0000,129.4781
59920,125.1041,-60.0000,129.4869
59930,125.8227,-60.0000,129.9617
59940,126.1776,-60.0000,130.2408
59950,126.1776,-60.0000,130.2408
59960,126.4740,-60.0000,130.0748
59970,127.2260,-60.0000,129.6294
59980,127.8875,-60.0000,129.0486
59990,128.5295,-60.0000,128.4454
60000,129.1603,-60.0000,127.8304
60010,129.7857,-60.0000,127.2098
60020,130.1697,-60.0000,126.8282
60030,130.1697,-60.0000,126.8282
60040,130.1697,-60.0000,126.8282
60050,130.1697,-60.0000,126.8282
60060,130.1697,-60.0000,126.8282
60070,130.1697,-60.0000,126.8282
60080,130.1697,-60.0000,126.8282
60090,130.1697,-60.0000,126.8282
60100,130.1697,-60.0000,126.8282
60110,130.1697,-60.0000,126.8282
60120,130.5322,-60.0000,126.4662
60130,131.1546,-60.0000,125.8447
60140,131.7778,-60.0000,125.2219
60150,132.4008,-60.0000,124.5990
60160,133.0239,-60.0000,123.9760
60170,133.6469,-60.0000,123.3530
60180,134.2699,-60.0000,122.7300
60190,134.8929,-60.0000,122.1070
60200,135.6484,-60.0000,121.7135
60210,136.5120,-60.0000,121.5585
60220,137.3915,-60.0000,121.5286
60230,138.2524,-60.0000,121.4580
60240,138.9528,-60.0000,120.9345
60250,139.1698,-60.0000,120.7649
60260,139.1698,-60.0000,120.7649
60270,139.1698,-60.0000,120.7649
60280,139.1698,-60.0000,120.7649
60290,139.1698,-60.0000,120.7649
60300,139.1698,-60.0000,120.7649
60310,139.1698,-60.0000,120.7649
60320,139.1698,-60.0000,120.7649
60330,139.1698,-60.0000,120.7649
60340,139.1698,-60.0000,120.7649
60350,139.1698,-60.0000,120.7649
60360,139.1698,-60.0000,120.7649
60370,139.1947,-60.0000,120.7963
60380,138.6634,-60.0000,121.3687
60390,138.0319,-60.0000,121.9827
60400,137.8333,-60.0000,122.1729
60410,137.8333,-60.0000,122.1729
60420,137.8333,-60.0000,122.1729
60430,137.8333,-60.0000,122.1729
60440,137.8333,-60.0000,122.1729
60450,137.8333,-60.0000,122.1729
60460,137.8333,-60.0000,122.1729
60470,137.8333,-60.0000,122.1729
60480,137.8333,-60.0000,122.1729
60490,137.8333,-60.0000,122.1729
60500,137.8333,-60.0000,122.1729
60510,137.8333,-60.0000,122.1729
60520,137.8333,-60.0000,122.1729
60530,137.8333,-60.0000,122.1729
60540,137.8333,-60.0000,122.1729
60550,137.8333,-60.0000,122.1729
60560,137.8333,-60.0000,122.1729
60570,137.8333,-60.0000,122.1729
60580,137.8333,-60.0000,122.1729
60590,137.8333,-60.0000,122.1729
60600,137.5300,-60.0000,122.0198
60610,136.7618,-60.0000,121.6046
60620,136.0964,-60.0000,121.0286
60630,135.3207,-60.0000,120.6712
60640,134.4519,-60.0000,120.5426
60650,133.6228,-60.0000,120.3766
60660,132.9278,-60.0000,119.8384
60670,132.0859,-60.0000,119.6149
60680,131.2109,-60.0000,119.5409
60690,130.3307,-60.0000,119.5262
60700,129.5199,-60.0000,119.3125
60710,128.8617,-60.0000,118.7906
60720,128.8206,-60.0000,118.7603
60730,128.8206,-60.0000,118.7603
60740,128.8206,-60.0000,118.7603
60750,128.8206,-60.0000,118.7603
60760,128.8206,-60.0000,118.7603
60770,128.8206,-60.0000,118.7603
60780,128.8206,-60.0000,118.7603
60790,128.8206,-60.0000,118.7603
60800,129.0756,-60.0000,119.1200
60810,129.1474,-60.0000,119.1842
60820,129.0157,-60.0000,118.9482
60830,128.6640,-60.0000,118.1852
60840,128.5457,-60.0000,117.3156
60850,128.3231,-60.0000,116.5081
60860,127.7934,-60.0000,115.8563
60870,127.7626,-60.0000,115.8156
60880,127.7626,-60.0000,115.8156
60890,127.7626,-60.0000,115.8156
60900,127.7626,-60.0000,115.8156
60910,127.7626,-60.0000,115.8156
60920,127.7626,-60.0000,115.8156
60930,127.7626,-60.0000,115.8156
60940,127.7626,-60.0000,115.8156
60950,127.7626,-60.0000,115.8156
60960,127.7626,-60.0000,115.8156
60970,127.7626,-60.0000,115.8156
60980,127.7626,-60.0000,115.8156
60990,127.7626,-60.0000,115.8156
61000,127.7626,-60.0000,115.8156
61010,127.7626,-60.0000,115.8156
61020,127.7626,-60.0000,115.8156
61030,127.7626,-60.0000,115.8156
61040,127.7626,-60.0000,115.8156
61050,127.7626,-60.0000,115.8156
61060,127.7626,-60.0000,115.8156
61070,127.7626,-60.0000,115.8156
61080,127.7626,-60.0000,115.8156
61090,127.7626,-60.0000,115.8156
61100,127.7626,-60.0000,115.8156
61110,127.7626,-60.0000,115.8156
61120,127.8485,-60.0000,115.6624
61130,128.2708,-60.0000,114.9088
61140,128.3180,-60.0000,114.8209
61150,128.3180,-60.0000,114.8209
61160,128.3180,-60.0000,114.8209
61170,128.0482,-60.0000,114.3854
61180,127.4761,-60.0000,113.7777
61190,126.6645,-60.0000,113.4712
61200,125.9864,-60.0000,112.9112
61210,125.1672,-60.0000,112.6381
61220,124.2946,-60.0000,112.5418
61230,123.4145,-60.0000,112.5265
61240,122.5861,-60.0000,112.3633
61250,121.8959,-60.0000,111.8190
61260,121.8173,-60.0000,111.7584
61270,121.8173,-60.0000,111.7584
61280,121.9011,-60.0000,111.6041
61290,122.3200,-60.0000,110.8496
61300,122.8929,-60.0000,110.1821
61310,123.4920,-60.0000,109.5364
61320,124.1062,-60.0000,108.9047
61330,124.3657,-60.0000,108.0763
61340,124.4585,-60.0000,107.2036
61350,124.4736,-60.0000,106.3235
61360,124.6882,-60.0000,105.5132
61370,125.2118,-60.0000,104.8565
61380,125.2422,-60.0000,104.8155
61390,125.2422,-60.0000,104.8155
61400,125.2422,-60.0000,104.8155
61410,125.2422,-60.0000,104.8155
61420,125.2422,-60.0000,104.8155
61430,125.2422,-60.0000,104.8155
61440,125.2422,-60.0000,104.8155
61450,125.2422,-60.0000,104.8155
61460,125.2422,-60.0000,104.8155
61470,125.2422,-60.0000,104.8155
61480,125.2422,-60.0000,104.8155
61490,125.2422,-60.0000,104.8155
61500,125.2422,-60.0000,104.8155
61510,125.2422,-60.0000,104.8155
61520,125.2422,-60.0000,104.8155
61530,125.2422,-60.0000,104.8155
61540,125.2422,-60.0000,104.8155
61550,125.2422,-60.0000,104.8155
61560,125.2422,-60.0000,104.8155
61570,125.0000,-60.0000,104.9476
61580,124.2358,-60.0000,105.3070
61590,123.3709,-60.0000,105.4505
61600,122.5593,-60.0000,105.6703
61610,121.8968,-60.0000,106.1867
61620,121.8555,-60.0000,106.2167
61630,121.8555,-60.0000,106.2167
61640,121.8555,-60.0000,106.2167
61650,121.8555,-60.0000,106.2167
61660,121.8555,-60.0000,106.2167
61670,121.8555,-60.0000,106.2167
61680,121.8555,-60.0000,106.2167
61690,121.8555,-60.0000,106.2167
61700,121.8555,-60.0000,106.2167
61710,121.8555,-60.0000,106.2167
61720,121.8555,-60.0000,106.2167
61730,121.8555,-60.0000,106.2167
61740,121.8555,-60.0000,106.2167
61750,121.8555,-60.0000,106.2167
61760,121.8555,-60.0000,106.2167
61770,121.8555,-60.0000,106.2167
61780,121.8555,-60.0000,106.2167
61790,121.8555,-60.0000,106.2167
61800,121.8555,-60.0000,106.2167
61810,121.5551,-60.0000,106.0579
61820,120.7936,-60.0000,105.6297
61830,120.1276,-60.0000,105.0542
61840,119.4831,-60.0000,104.4538
61850,118.8409,-60.0000,103.8573
61860,118.0005,-60.0000,103.6188
61870,117.2778,-60.0000,103.1414
61880,116.8600,-60.0000,102.8000
61890,116.8600,-60.0000,102.8000
61900,116.8600,-60.0000,102.8000
61910,116.8600,-60.0000,102.8000
61920,116.8600,-60.0000,102.8000
61930,116.8600,-60.0000,102.8000
61940,116.8600,-60.0000,102.8000
61950,116.8600,-60.0000,102.8000
61960,116.8600,-60.0000,102.8000
61970,116.8600,-60.0000,102.8000
61980,116.8600,-60.0000,102.8000
61990,116.8600,-60.0000,102.8000
62000,116.8600,-60.0000,102.8000
62010,116.8600,-60.0000,102.8000
62020,116.8600,-60.0000,102.8000
62030,116.8600,-60.0000,102.8000
62040,116.8600,-60.0000,102.8000
62050,116.8600,-60.0000,102.8000
62060,116.8600,-60.0000,102.8000
62070,116.8600,-60.0000,102.8000
62080,116.8600,-60.0000,102.8000
62090,116.8600,-60.0000,102.8000
62100,116.8600,-60.0000,102.8000
62110,116.8600,-60.0000,102.8000
62120,116.8600,-60.0000,102.8000
62130,116.8600,-60.0000,102.8000
62140,116.8600,-60.0000,102.8000
62150,116.8600,-60.0000,102.8000
62160,116.8600,-60.0000,102.8000
62170,116.8600,-60.0000,102.8000
62180,116.8600,-60.0000,102.8000
62190,116.8600,-60.0000,102.8000
62200,116.8600,-60.0000,102.8000
62210,116.8600,-60.0000,102.8000
62220,116.8600,-60.0000,102.8000
62230,116.8600,-60.0000,102.8000
62240,116.8600,-60.0000,102.8000
62250,116.8600,-60.0000,102.8000
62260,116.8600,-60.0000,102.8000
62270,116.8600,-60.0000,102.8000
62280,116.8346,-60.0000,102.8308
62290,116.5986,-60.0000,103.6044
62300,116.5271,-60.0000,104.4812
62310,116.5165,-60.0000,105.3619
62320,116.5102,-60.0000,106.2428
62330,116.5060,-60.0000,107.1238
62340,116.5039,-60.0000,108.0049
62350,116.5025,-60.0000,108.8859
62360,116.8572,-60.0000,109.6505
62370,117.2340,-60.0000,110.1492
62380,117.2340,-60.0000,110.1526
62390,117.2340,-60.0000,110.1526
62400,117.2340,-60.0000,110.1526
62410,117.2340,-60.0000,110.1526
62420,117.2340,-60.0000,110.1526
62430,117.2340,-60.0000,110.1526
62440,117.2340,-60.0000,110.1526
62450,117.2340,-60.0000,110.1526
62460,117.2340,-60.0000,110.1526
62470,117.2340,-60.0000,110.1526
62480,117.2340,-60.0000,110.1526
62490,117.2340,-60.0000,110.1526
62500,117.2340,-60.0000,110.1526
62510,117.2340,-60.0000,110.1526
62520,117.2340,-60.0000,110.1526
62530,117.2340,-60.0000,110.1526
62540,117.2340,-60.0000,110.1526
62550,117.2340,-60.0000,110.1526
62560,117.2340,-60.0000,110.1526
62570,117.2340,-60.0000,110.1526
62580,117.2340,-60.0000,110.1526
62590,117.2340,-60.0000,110.1526
62600,117.2340,-60.0000,110.1526
62610,117.2340,-60.0000,110.1526
62620,117.2340,-60.0000,110.1526
62630,117.2340,-60.0000,110.1526
62640,117.2340,-60.0000,110.1526
62650,117.2340,-60.0000,110.1526
62660,116.9052,-60.0000,110.7563
62670,116.4072,-60.0000,111.4761
62680,115.8220,-60.0000,112.1346
62690,115.2104,-60.0000,112.7687
62700,114.5939,-60.0000,113.3982
62710,113.9732,-60.0000,114.0235
62720,113.3512,-60.0000,114.6474
62730,112.7286,-60.0000,115.2709
62740,112.1058,-60.0000,115.8940
62750,111.4829,-60.0000,116.5171
62760,110.8599,-60.0000,117.1401
62770,110.2369,-60.0000,117.7631
62780,109.8541,-60.0000,118.1459
62790,109.8541,-60.0000,118.1459
62800,109.8541,-60.0000,118.1459
62810,109.8258,-60.0000,118.1742
62820,109.2436,-60.0000,118.7564
62830,108.6207,-60.0000,119.3793
62840,107.9977,-60.0000,120.0023
62850,107.3747,-60.0000,120.6253
62860,106.8266,-60.0000,121.2927
62870,106.5789,-60.0000,122.1328
62880,106.0475,-60.0000,122.8296
62890,105.7636,-60.0000,123.1807
62900,105.7636,-60.0000,123.1807
62910,105.7636,-60.0000,123.1807
62920,105.7636,-60.0000,123.1807
62930,105.7636,-60.0000,123.1807
62940,105.7636,-60.0000,123.1807
62950,105.7636,-60.0000,123.1807
62960,105.7636,-60.0000,123.1807
62970,105.7636,-60.0000,123.1807
62980,105.7636,-60.0000,123.1807
62990,105.7636,-60.0000,123.1807
63000,105.7636,-60.0000,123.1807
63010,105.7636,-60.0000,123.1807
63020,105.7636,-60.0000,123.1807
63030,105.4645,-60.0000,123.0196
63040,104.7154,-60.0000,122.5723
63050,104.0534,-60.0000,121.9916
63060,103.4126,-60.0000,121.3872
63070,102.7816,-60.0000,120.7723
63080,102.1561,-60.0000,120.1518
63090,101.5318,-60.0000,119.5301
63100,100.9083,-60.0000,118.9077
63110,100.2851,-60.0000,118.2848
63120,99.6620,-60.0000,117.6619
63130,99.0389,-60.0000,117.0390
63140,98.8431,-60.0000,116.8431
63150,98.8431,-60.0000,116.8431
63160,98.8431,-60.0000,116.8431
63170,98.8431,-60.0000,116.8431
63180,98.8431,-60.0000,116.8431
63190,98.8431,-60.0000,116.8431
63200,98.8431,-60.0000,116.8431
63210,98.8431,-60.0000,116.8431
63220,98.8431,-60.0000,116.8431
63230,98.8431,-60.0000,116.8431
63240,98.8431,-60.0000,116.8431
63250,98.8431,-60.0000,116.8431
63260,98.8431,-60.0000,116.8431
63270,98.8431,-60.0000,116.8431
63280,98.8431,-60.0000,116.8431
63290,98.8431,-60.0000,116.8431
63300,98.8431,-60.0000,116.8431
63310,98.8431,-60.0000,116.8431
63320,98.8431,-60.0000,116.8431
63330,98.8431,-60.0000,116.8431
63340,98.8431,-60.0000,116.8431
63350,98.8431,-60.0000,116.8431
63360,98.8431,-60.0000,116.8431
63370,98.8431,-60.0000,116.8431
63380,98.8431,-60.0000,116.8431
63390,98.8431,-60.0000,116.8431
63400,98.8431,-60.0000,116.8431
63410,98.8431,-60.0000,116.8431
63420,98.8431,-60.0000,116.8431
63430,98.8431,-60.0000,116.8431
63440,98.8431,-60.0000,116.8431
63450,98.8431,-60.0000,116.8431
63460,98.8431,-60.0000,116.8431
63470,98.8431,-60.0000,116.8431
63480,98.8431,-60.0000,116.8431
63490,98.8431,-60.0000,116.8431
63500,98.8431,-60.0000,116.8431
63510,98.8431,-60.0000,116.8431
63520,98.8431,-60.0000,116.8431
63530,98.8431,-60.0000,116.8431
63540,98.8431,-60.0000,116.8431
63550,98.8431,-60.0000,116.8431
63560,98.8431,-60.0000,116.8431
63570,98.8431,-60.0000,116.8431
63580,98.8431,-60.0000,116.8431
63590,98.7189,-60.0000,116.7189
63600,98.1081,-60.0000,116.1081
63610,97.4851,-60.0000,115.4851
63620,96.8789,-60.0000,114.8520
63630,96.6294,-60.0000,114.0149
63640,96.5408,-60.0000,113.1411
63650,96.5249,-60.0000,112.2611
63660,96.2617,-60.0000,111.4670
63670,95.7808,-60.0000,110.8546
63680,95.7671,-60.0000,110.8339
63690,95.7671,-60.0000,110.8339
63700,95.7671,-60.0000,110.8339
63710,95.7671,-60.0000,110.8339
63720,95.7671,-60.0000,110.8339
63730,95.7671,-60.0000,110.8339
63740,95.7671,-60.0000,110.8339
63750,95.7671,-60.0000,110.8339
63760,95.7671,-60.0000,110.8339
63770,95.7671,-60.0000,110.8339
63780,95.7671,-60.0000,110.8339
63790,95.7671,-60.0000,110.8339
63800,95.7671,-60.0000,110.8339
63810,96.0678,-60.0000,110.6806
63820,96.9306,-60.0000,110.5570
63830,97.8100,-60.0000,110.5227
63840,98.6908,-60.0000,110.5143
63850,99.5717,-60.0000,110.5085
63860,100.1969,-60.0000,110.5059
63870,100.2011,-60.0000,110.5059
63880,100.2011,-60.0000,110.5059
63890,100.2011,-60.0000,110.5059
63900,100.2011,-60.0000,110.5059
63910,100.2011,-60.0000,110.5059
63920,100.2011,-60.0000,110.5059
63930,100.2011,-60.0000,110.5059
63940,100.2011,-60.0000,110.5059
63950,100.2011,-60.0000,110.5059
63960,100.2011,-60.0000,110.5059
63970,100.6080,-60.0000,110.8172
63980,101.2952,-60.0000,111.3651
63990,101.9372,-60.0000,111.9683
64000,102.5690,-60.0000,112.5823
64010,103.1962,-60.0000,113.2011
64020,103.8205,-60.0000,113.8229
64030,104.4442,-60.0000,114.4451
64040,105.0675,-60.0000,115.0678
64050,105.6906,-60.0000,115.6907
64060,106.3137,-60.0000,116.3137
64070,106.9367,-60.0000,116.9367
64080,107.5597,-60.0000,117.5597
64090,108.1107,-60.0000,118.1106
64100,108.1294,-60.0000,118.1293
64110,108.1294,-60.0000,118.1293
64120,108.1294,-60.0000,118.1293
64130,108.1294,-60.0000,118.1293
64140,108.1294,-60.0000,118.1293
64150,108.5949,-60.0000,117.9156
64160,109.2406,-60.0000,117.4120
64170,109.4337,-60.0000,116.5600
64180,109.5716,-60.0000,115.7145
64190,110.0995,-60.0000,115.0136
64200,110.3618,-60.0000,114.1886
64210,110.4562,-60.0000,113.3155
64220,110.4736,-60.0000,112.4356
64230,110.6351,-60.0000,111.6060
64240,111.1739,-60.0000,110.9115
64250,111.2338,-60.0000,110.8324
64260,111.2338,-60.0000,110.8324
64270,111.2338,-60.0000,110.8324
64280,111.2338,-60.0000,110.8324
64290,111.2338,-60.0000,110.8324
64300,111.2338,-60.0000,110.8324
64310,111.2338,-60.0000,110.8324
64320,111.2338,-60.0000,110.8324
64330,111.2338,-60.0000,110.8324
64340,111.2338,-60.0000,110.8324
64350,111.2338,-60.0000,110.8324
64360,111.2338,-60.0000,110.8324
64370,111.2338,-60.0000,110.8324
64380,111.2338,-60.0000,110.8324
64390,111.2338,-60.0000,110.8324
64400,111.2338,-60.0000,110.8324
64410,111.2338,-60.0000,110.8324
64420,111.2338,-60.0000,110.8324
64430,111.2338,-60.0000,110.8324
64440,111.2338,-60.0000,110.8324
64450,111.2338,-60.0000,110.8324
64460,111.2338,-60.0000,110.8324
64470,111.2338,-60.0000,110.8324
64480,111.2338,-60.0000,110.8324
64490,111.2338,-60.0000,110.8324
64500,111.2338,-60.0000,110.8324
64510,111.2338,-60.0000,110.8324
64520,111.2338,-60.0000,110.8324
64530,111.2338,-60.0000,110.8324
64540,111.2338,-60.0000,110.8324
64550,111.2338,-60.0000,110.8324
64560,111.2338,-60.0000,110.8324
64570,111.2338,-60.0000,110.8324
64580,111.7294,-60.0000,110.7023
64590,112.5929,-60.0000,110.5572
64600,113.4726,-60.0000,110.5205
64610,114.3535,-60.0000,110.5125
64620,115.2345,-60.0000,110.5078
64630,116.1155,-60.0000,110.5046
64640,116.9965,-60.0000,110.5029
64650,117.8776,-60.0000,110.5019
64660,118.7586,-60.0000,110.5012
64670,119.5534,-60.0000,110.2440
64680,120.1662,-60.0000,109.7638
64690,120.1870,-60.0000,109.7500
64700,120.1870,-60.0000,109.7500
64710,120.1870,-60.0000,109.7500
64720,120.1870,-60.0000,109.7500
64730,120.1870,-60.0000,109.7500
64740,120.1870,-60.0000,109.7500
64750,120.2159,-60.0000,109.7225
64760,120.8122,-60.0000,109.1547
64770,121.4450,-60.0000,108.5418
64780,122.0719,-60.0000,107.9228
64790,122.8968,-60.0000,107.6509
64800,123.6371,-60.0000,107.2068
64810,124.1830,-60.0000,106.7600
64820,124.1923,-60.0000,106.7551
64830,124.1923,-60.0000,106.7551
64840,124.1923,-60.0000,106.7551
64850,124.1923,-60.0000,106.7551
64860,124.1923,-60.0000,106.7551
64870,124.1923,-60.0000,106.7551
64880,124.1923,-60.0000,106.7551
64890,124.1923,-60.0000,106.7551
64900,124.1923,-60.0000,106.7551
64910,124.1923,-60.0000,106.7551
64920,124.1923,-60.0000,106.7551
64930,124.1923,-60.0000,106.7551
64940,124.1923,-60.0000,106.7551
64950,124.2177,-60.0000,106.7860
64960,123.6836,-60.0000,107.3544
64970,123.0506,-60.0000,107.9669
64980,122.4226,-60.0000,108.5849
64990,121.8410,-60.0000,109.2314
65000,121.6061,-60.0000,110.0761
65010,121.5373,-60.0000,110.9524
65020,121.5230,-60.0000,111.8326
65030,121.2069,-60.0000,112.6077
65040,120.7697,-60.0000,113.1609
65050,120.7648,-60.0000,113.1704
65060,120.7648,-60.0000,113.1704
65070,120.7648,-60.0000,113.1704
65080,120.7648,-60.0000,113.1704
65090,120.7648,-60.0000,113.1704
65100,120.7648,-60.0000,113.1704
65110,120.2910,-60.0000,113.6685
65120,119.6808,-60.0000,114.3034
65130,119.0621,-60.0000,114.9306
65140,118.4412,-60.0000,115.5557
65150,117.8192,-60.0000,116.1797
65160,117.1965,-60.0000,116.8030
65170,116.8761,-60.0000,117.1236
65180,116.8761,-60.0000,117.1236
65190,116.8761,-60.0000,117.1236
65200,116.8761,-60.0000,117.1236
65210,116.8761,-60.0000,117.1236
65220,116.8761,-60.0000,117.1236
65230,116.8761,-60.0000,117.1236
65240,116.8761,-60.0000,117.1236
65250,116.7067,-60.0000,117.1699
65260,115.8735,-60.0000,117.3979
65270,115.1410,-60.0000,116.9748
65280,114.8475,-60.0000,116.7603
65290,114.8475,-60.0000,116.7603
65300,114.8475,-60.0000,116.7603
65310,114.8475,-60.0000,116.7603
65320,114.8475,-60.0000,116.7603
65330,114.8475,-60.0000,116.7603
65340,114.8475,-60.0000,116.7603
65350,114.8475,-60.0000,116.7603
65360,114.8475,-60.0000,116.7603
65370,114.8475,-60.0000,116.7603
65380,114.8475,-60.0000,116.7603
65390,114.8475,-60.0000,116.7603
65400,114.8475,-60.0000,116.7603
65410,114.8475,-60.0000,116.7603
65420,114.8475,-60.0000,116.7603
65430,114.8475,-60.0000,116.7603
65440,114.8475,-60.0000,116.7603
65450,114.8475,-60.0000,116.7603
65460,114.8475,-60.0000,116.7603
65470,114.8475,-60.0000,116.7603
65480,114.8475,-60.0000,116.7603
65490,114.8475,-60.0000,116.7603
65500,114.8475,-60.0000,116.7603
65510,114.8475,-60.0000,116.7603
65520,114.8475,-60.0000,116.7603
65530,114.8475,-60.0000,116.7603
65540,114.8475,-60.0000,116.7603
65550,114.8475,-60.0000,116.7603
65560,114.8475,-60.0000,116.7603
65570,114.8475,-60.0000,116.7603
65580,114.8475,-60.0000,116.7603
65590,114.8475,-60.0000,116.7603
65600,114.8475,-60.0000,116.7603
65610,114.8475,-60.0000,116.7603
65620,114.8475,-60.0000,116.7603
65630,114.8475,-60.0000,116.7603
65640,114.8475,-60.0000,116.7603
65650,114.8475,-60.0000,116.7603
65660,114.8475,-60.0000,116.7603
65670,114.8475,-60.0000,116.7603
65680,114.8475,-60.0000,116.7603
65690,114.8475,-60.0000,116.7603
65700,114.8475,-60.0000,116.7603
65710,114.8475,-60.0000,116.7603
65720,114.8475,-60.0000,116.7603
65730,114.8475,-60.0000,116.7603
65740,114.8475,-60.0000,116.7603
65750,114.8475,-60.0000,116.7603
65760,114.8475,-60.0000,116.7603
65770,114.8475,-60.0000,116.7603
65780,114.8475,-60.0000,116.7603
65790,114.8475,-60.0000,116.7603
65800,114.8475,-60.0000,116.7603
65810,114.8475,-60.0000,116.7603
65820,114.8475,-60.0000,116.7603
65830,115.0995,-60.0000,117.1279
65840,115.7272,-60.0000,117.7424
65850,116.3551,-60.0000,118.3605
65860,116.9796,-60.0000,118.9820
65870,117.6033,-60.0000,119.6042
65880,118.2266,-60.0000,120.2269
65890,118.8497,-60.0000,120.8498
65900,119.4728,-60.0000,121.4728
65910,120.0958,-60.0000,122.0958
65920,120.7188,-60.0000,122.7188
65930,121.3418,-60.0000,123.3418
65940,121.9648,-60.0000,123.9648
65950,122.1607,-60.0000,124.1607
65960,122.1607,-60.0000,124.1607
65970,122.1607,-60.0000,124.1607
65980,122.1607,-60.0000,124.1607
65990,122.1607,-60.0000,124.1607
66000,122.1607,-60.0000,124.1607
66010,122.1607,-60.0000,124.1607
66020,122.1607,-60.0000,124.1607
66030,122.1607,-60.0000,124.1607
66040,122.1607,-60.0000,124.1607
66050,122.1607,-60.0000,124.1607
66060,122.1607,-60.0000,124.1607
66070,122.1607,-60.0000,124.1607
66080,122.3295,-60.0000,124.8271
66090,122.4531,-60.0000,125.6953
66100,122.2666,-60.0000,126.5083
66110,121.7695,-60.0000,127.2245
66120,121.5816,-60.0000,128.0820
66130,121.5368,-60.0000,128.9600
66140,121.5225,-60.0000,129.8402
66150,121.2055,-60.0000,130.6145
66160,120.7667,-60.0000,131.1665
66170,120.7618,-60.0000,131.1760
66180,120.7618,-60.0000,131.1760
66190,120.7618,-60.0000,131.1760
66200,120.7618,-60.0000,131.1760
66210,121.2424,-60.0000,130.7952
66220,121.8553,-60.0000,130.1634
66230,122.4725,-60.0000,129.5346
66240,123.0933,-60.0000,128.9094
66250,123.7156,-60.0000,128.2857
66260,124.1573,-60.0000,127.8432
66270,124.1603,-60.0000,127.8402
66280,124.1603,-60.0000,127.8402
66290,124.1603,-60.0000,127.8402
66300,124.1603,-60.0000,127.8402
66310,124.1962,-60.0000,127.8579
66320,124.9348,-60.0000,128.2216
66330,125.6390,-60.0000,128.7401
66340,126.3388,-60.0000,129.2476
66350,127.1892,-60.0000,129.4542
66360,127.8829,-60.0000,129.9874
66370,128.1638,-60.0000,130.2178
66380,128.1638,-60.0000,130.2178
66390,128.1638,-60.0000,130.2178
66400,128.1638,-60.0000,130.2178
66410,128.1638,-60.0000,130.2178
66420,128.1638,-60.0000,130.2178
66430,128.1638,-60.0000,130.2178
66440,128.1638,-60.0000,130.2178
66450,128.8364,-60.0000,130.3598
66460,129.7084,-60.0000,130.4575
66470,130.5885,-60.0000,130.4732
66480,131.4692,-60.0000,130.4838
66490,132.3161,-60.0000,130.5930
66500,133.0164,-60.0000,131.1217
66510,133.1653,-60.0000,131.2354
66520,133.1653,-60.0000,131.2354
66530,133.1653,-60.0000,131.2354
66540,133.1653,-60.0000,131.2354
66550,133.1653,-60.0000,131.2354
66560,132.9267,-60.0000,131.6888
66570,132.4522,-60.0000,132.4226
66580,131.8694,-60.0000,133.0832
66590,131.2594,-60.0000,133.7187
66600,130.6434,-60.0000,134.3487
66610,130.0226,-60.0000,134.9739
66620,129.4007,-60.0000,135.5980
66630,128.7781,-60.0000,136.2214
66640,128.1553,-60.0000,136.8445
66650,127.5323,-60.0000,137.4676
66660,126.9094,-60.0000,138.0907
66670,126.2864,-60.0000,138.7137
66680,125.6634,-60.0000,139.3367
66690,125.0404,-60.0000,139.9597
66700,124.8445,-60.0000,140.1556
66710,124.7203,-60.0000,140.2797
66720,124.1095,-60.0000,140.8906
66730,123.4865,-60.0000,141.5135
66740,122.8918,-60.0000,142.1082
66750,122.8545,-60.0000,142.1455
66760,122.8545,-60.0000,142.1455
66770,122.8545,-60.0000,142.1455
66780,122.8545,-60.0000,142.1455
66790,122.8545,-60.0000,142.1455
66800,122.8545,-60.0000,142.1455
66810,122.8545,-60.0000,142.1455
66820,122.8545,-60.0000,142.1455
66830,122.8545,-60.0000,142.1455
66840,122.8545,-60.0000,142.1455
66850,122.8545,-60.0000,142.1455
66860,122.8545,-60.0000,142.1455
66870,123.1148,-60.0000,141.8062
66880,123.7563,-60.0000,141.2067
66890,124.3905,-60.0000,140.5953
66900,125.0176,-60.0000,139.9763
66910,125.3312,-60.0000,139.1758
66920,125.7424,-60.0000,138.4193
66930,126.1905,-60.0000,137.8747
66940,126.1955,-60.0000,137.8653
66950,126.1955,-60.0000,137.8653
66960,126.1955,-60.0000,137.8653
66970,126.1955,-60.0000,137.8653
66980,126.1955,-60.0000,137.8653
66990,126.1955,-60.0000,137.8653
67000,126.1955,-60.0000,137.8653
67010,126.1955,-60.0000,137.8653
67020,126.1955,-60.0000,137.8653
67030,126.1955,-60.0000,137.8653
67040,126.1955,-60.0000,137.8653
67050,126.1955,-60.0000,137.8653
67060,126.1955,-60.0000,137.8653
67070,126.1955,-60.0000,137.8653
67080,126.1955,-60.0000,137.8653
67090,126.1955,-60.0000,137.8653
67100,126.1955,-60.0000,137.8653
67110,126.1955,-60.0000,137.8653
67120,126.1955,-60.0000,137.8653
67130,126.1955,-60.0000,137.8653
67140,126.1955,-60.0000,137.8653
67150,126.1955,-60.0000,137.8653
67160,126.1955,-60.0000,137.8653
67170,126.1955,-60.0000,137.8653
67180,126.1955,-60.0000,137.8653
67190,126.1955,-60.0000,137.8653
67200,126.1955,-60.0000,137.8653
67210,126.1955,-60.0000,137.8653
67220,126.1955,-60.0000,137.8653
67230,126.1955,-60.0000,137.8653
67240,126.1955,-60.0000,137.8653
67250,126.1955,-60.0000,137.8653
67260,126.1955,-60.0000,137.8653
67270,126.1955,-60.0000,137.8653
67280,126.1955,-60.0000,137.8653
67290,126.1955,-60.0000,137.8653
67300,126.1955,-60.0000,137.8653
67310,126.1955,-60.0000,137.8653
67320,126.1955,-60.0000,137.8653
67330,126.1955,-60.0000,137.8653
67340,126.1955,-60.0000,137.8653
67350,126.1955,-60.0000,137.8653
67360,126.1955,-60.0000,137.8653
67370,126.1955,-60.0000,137.8653
67380,126.1955,-60.0000,137.8653
67390,126.1955,-60.0000,137.8653
67400,126.1955,-60.0000,137.8653
67410,126.1955,-60.0000,137.8653
67420,126.1955,-60.0000,137.8653
67430,126.1955,-60.0000,137.8653
67440,126.6704,-60.0000,137.3683
67450,127.2808,-60.0000,136.7336
67460,127.9000,-60.0000,136.1068
67470,128.5209,-60.0000,135.4818
67480,129.1261,-60.0000,134.8478
67490,129.3734,-60.0000,134.0100
67500,129.8522,-60.0000,133.2874
67510,130.1932,-60.0000,132.8693
67520,130.1932,-60.0000,132.8693
67530,130.3622,-60.0000,132.8215
67540,131.1948,-60.0000,132.5943
67550,132.0719,-60.0000,132.5312
67560,132.7919,-60.0000,132.0584
67570,133.1478,-60.0000,131.7806
67580,133.4805,-60.0000,131.7116
67590,134.3415,-60.0000,131.5591
67600,135.2208,-60.0000,131.5304
67610,136.1014,-60.0000,131.5182
67620,136.2021,-60.0000,131.5182
67630,136.2021,-60.0000,131.5182
67640,136.2021,-60.0000,131.5182
67650,136.2021,-60.0000,131.5182
67660,136.2021,-60.0000,131.5182
67670,136.3936,-60.0000,132.1776
67680,136.4698,-60.0000,133.0536
67690,136.4823,-60.0000,133.9342
67700,136.4890,-60.0000,134.8151
67710,136.1875,-60.0000,135.5963
67720,135.7248,-60.0000,136.3298
67730,135.5608,-60.0000,137.1932
67740,135.5286,-60.0000,138.0724
67750,135.5188,-60.0000,138.9531
67760,135.1451,-60.0000,139.7055
67770,134.7515,-60.0000,140.1910
67780,134.7515,-60.0000,140.1944
67790,134.7515,-60.0000,140.1944
67800,134.7515,-60.0000,140.1944
67810,134.7515,-60.0000,140.1944
67820,134.7515,-60.0000,140.1944
67830,134.7515,-60.0000,140.1944
67840,134.7515,-60.0000,140.1944
67850,134.7515,-60.0000,140.1944
67860,134.7515,-60.0000,140.1944
67870,134.7515,-60.0000,140.1944
67880,135.1097,-60.0000,139.9387
67890,135.7190,-60.0000,139.3061
67900,136.3341,-60.0000,138.6754
67910,136.9545,-60.0000,138.0498
67920,137.5763,-60.0000,137.4255
67930,138.2245,-60.0000,136.8454
67940,139.0688,-60.0000,136.6088
67950,139.9450,-60.0000,136.5387
67960,140.6950,-60.0000,136.1598
67970,141.1787,-60.0000,135.7639
67980,141.1820,-60.0000,135.7639
67990,141.1820,-60.0000,135.7639
68000,141.4786,-60.0000,135.9296
68010,142.2311,-60.0000,136.3741
68020,142.8924,-60.0000,136.9551
68030,143.6657,-60.0000,137.3183
68040,144.5335,-60.0000,137.4529
68050,145.4133,-60.0000,137.4706
68060,146.2737,-60.0000,137.5423
68070,146.9698,-60.0000,138.0714
68080,147.1853,-60.0000,138.2428
68090,147.1853,-60.0000,138.2428
68100,147.1853,-60.0000,138.2428
68110,147.1853,-60.0000,138.2428
68120,147.1853,-60.0000,138.2428
68130,147.1853,-60.0000,138.2428
68140,147.1853,-60.0000,138.2428
68150,147.1853,-60.0000,138.2428
68160,147.1853,-60.0000,138.2428
68170,147.1853,-60.0000,138.2428
68180,147.1853,-60.0000,138.2428
68190,147.1853,-60.0000,138.2428
68200,147.1853,-60.0000,138.2428
68210,147.1853,-60.0000,138.2428
68220,147.1853,-60.0000,138.2428
68230,147.1853,-60.0000,138.2428
68240,147.1853,-60.0000,138.2428
68250,147.1853,-60.0000,138.2428
68260,147.1853,-60.0000,138.2428
68270,147.1853,-60.0000,138.2428
68280,147.6313,-60.0000,137.9908
68290,148.3661,-60.0000,137.5146
68300,149.0233,-60.0000,136.9282
68310,149.6599,-60.0000,136.3192
68320,150.2113,-60.0000,135.6573
68330,150.4431,-60.0000,134.8134
68340,150.9801,-60.0000,134.1219
68350,151.3275,-60.0000,133.3388
68360,151.4550,-60.0000,132.4697
68370,151.4718,-60.0000,131.5897
68380,151.5429,-60.0000,130.7292
68390,152.0711,-60.0000,130.0323
68400,152.2421,-60.0000,129.8165
68410,152.2421,-60.0000,129.8165
68420,152.9088,-60.0000,129.6487
68430,153.6475,-60.0000,129.2031
68440,154.1299,-60.0000,128.8056
68450,154.1332,-60.0000,128.8056
68460,154.1332,-60.0000,128.8056
68470,154.1332,-60.0000,128.8056
68480,154.1332,-60.0000,128.8056
68490,154.1332,-60.0000,128.8056
68500,154.1332,-60.0000,128.8056
68510,153.8389,-60.0000,128.6359
68520,153.8389,-60.0000,128.6359
68530,153.8389,-60.0000,128.6359
68540,153.8389,-60.0000,128.6359
68550,153.8389,-60.0000,128.6359
68560,153.8389,-60.0000,128.6359
68570,153.8389,-60.0000,128.6359
68580,153.8389,-60.0000,128.6359
68590,153.8389,-60.0000,128.6359
68600,153.8389,-60.0000,128.6359
68610,153.8389,-60.0000,128.6359
68620,153.8389,-60.0000,128.6359
68630,153.8389,-60.0000,128.6359
68640,153.8389,-60.0000,128.6359
68650,153.8389,-60.0000,128.6359
68660,153.8389,-60.0000,128.6359
68670,153.8389,-60.0000,128.6359
68680,153.8389,-60.0000,128.6359
68690,153.8389,-60.0000,128.6359
68700,153.8389,-60.0000,128.6359
68710,153.8389,-60.0000,128.6359
68720,153.8389,-60.0000,128.6359
68730,153.8389,-60.0000,128.6359
68740,153.8389,-60.0000,128.6359
68750,153.8389,-60.0000,128.6359
68760,153.8389,-60.0000,128.6359
68770,153.8389,-60.0000,128.6359
68780,153.8389,-60.0000,128.6359
68790,153.8389,-60.0000,128.6359
68800,153.8754,-60.0000,128.7822
68810,154.4442,-60.0000,129.4210
68820,155.0603,-60.0000,130.0508
68830,155.3378,-60.0000,130.8744
68840,155.7577,-60.0000,131.6255
68850,156.2137,-60.0000,132.1635
68860,156.2188,-60.0000,132.1727
68870,155.8914,-60.0000,132.7772
68880,155.3936,-60.0000,133.4969
68890,154.8067,-60.0000,134.1538
68900,154.1943,-60.0000,134.7871
68910,153.8196,-60.0000,135.1750
68920,153.8196,-60.0000,135.1750
68930,153.8196,-60.0000,135.1750
68940,153.8196,-60.0000,135.1750
68950,153.8196,-60.0000,135.1750
68960,153.8196,-60.0000,135.1750
68970,153.8196,-60.0000,135.1750
68980,153.8196,-60.0000,135.1750
68990,153.8196,-60.0000,135.1750
69000,153.8196,-60.0000,135.1750
69010,153.8196,-60.0000,135.1750
69020,153.8196,-60.0000,135.1750
69030,153.8196,-60.0000,135.1750
69040,153.8196,-60.0000,135.1750
69050,153.8196,-60.0000,135.1750
69060,153.8196,-60.0000,135.1750
69070,153.8196,-60.0000,135.1750
69080,153.8196,-60.0000,135.1750
69090,153.8196,-60.0000,135.1750
69100,153.8196,-60.0000,135.1750
69110,153.8196,-60.0000,135.1750
69120,153.8196,-60.0000,135.1750
69130,153.8196,-60.0000,135.1750
69140,153.8196,-60.0000,135.1750
69150,153.8196,-60.0000,135.1750
69160,153.8196,-60.0000,135.1750
69170,153.9748,-60.0000,135.4771
69180,154.3950,-60.0000,136.2428
69190,154.9724,-60.0000,136.9070
69200,155.5746,-60.0000,137.5498
69210,156.1900,-60.0000,138.1804
69220,156.8106,-60.0000,138.8058
69230,157.4322,-60.0000,139.4302
69240,158.0546,-60.0000,140.0537
69250,158.6774,-60.0000,140.6769
69260,159.3003,-60.0000,141.3000
69270,159.9232,-60.0000,141.9231
69280,160.3090,-60.0000,142.6806
69290,160.6461,-60.0000,143.4717
69300,161.1820,-60.0000,144.1192
69310,161.2130,-60.0000,144.1597
69320,161.2130,-60.0000,144.1597
69330,161.2130,-60.0000,144.1597
69340,161.2130,-60.0000,144.1597
69350,161.2130,-60.0000,144.1597
69360,161.2130,-60.0000,144.1597
69370,161.2130,-60.0000,144.1597
69380,161.3600,-60.0000,143.8650
69390,161.4566,-60.0000,142.9973
69400,161.4782,-60.0000,142.1172
69410,161.1306,-60.0000,141.3496
69420,160.7584,-60.0000,140.8474
69430,160.7584,-60.0000,140.8440
69440,160.7584,-60.0000,140.8440
69450,160.7584,-60.0000,140.8440
69460,160.7584,-60.0000,140.8440
69470,160.7584,-60.0000,140.8440
69480,160.7584,-60.0000,140.8440
69490,160.7584,-60.0000,140.8440
69500,160.6286,-60.0000,140.1689
69510,160.8527,-60.0000,139.3875
69520,161.2674,-60.0000,138.8174
69530,161.2720,-60.0000,138.8077
69540,161.2720,-60.0000,138.8077
69550,161.2720,-60.0000,138.8077
69560,161.2720,-60.0000,138.8077
69570,161.2720,-60.0000,138.8077
69580,161.2720,-60.0000,138.8077
69590,161.2720,-60.0000,138.8077
69600,161.2720,-60.0000,138.8077
69610,161.2720,-60.0000,138.8077
69620,161.2720,-60.0000,138.8077
69630,161.2720,-60.0000,138.8077
69640,161.2720,-60.0000,138.8077
69650,161.2720,-60.0000,138.8077
69660,161.2720,-60.0000,138.8077
69670,161.2720,-60.0000,138.8077
69680,161.2720,-60.0000,138.8077
69690,161.2720,-60.0000,138.8077
69700,161.2720,-60.0000,138.8077
69710,161.2720,-60.0000,138.8077
69720,161.2720,-60.0000,138.8077
69730,161.2720,-60.0000,138.8077
69740,161.2720,-60.0000,138.8077
69750,161.7426,-60.0000,138.3065
69760,162.3496,-60.0000,137.6686
69770,162.9675,-60.0000,137.0406
69780,163.5881,-60.0000,136.4153
69790,164.2101,-60.0000,135.7912
69800,164.8327,-60.0000,135.1678
69810,165.4555,-60.0000,134.5446
69820,166.0785,-60.0000,133.9216
69830,166.9029,-60.0000,133.6492
69840,167.6427,-60.0000,133.2045
69850,168.1258,-60.0000,132.8079
69860,168.1291,-60.0000,132.8079
69870,168.1291,-60.0000,132.8079
69880,168.1291,-60.0000,132.8079
69890,168.1291,-60.0000,132.8079
69900,168.1291,-60.0000,132.8079
69910,168.1291,-60.0000,132.8079
69920,168.1291,-60.0000,132.8079
69930,168.1291,-60.0000,132.8079
69940,168.1291,-60.0000,132.8079
69950,168.1291,-60.0000,132.8079
69960,168.1291,-60.0000,132.8079
69970,168.1291,-60.0000,132.8079
69980,168.1291,-60.0000,132.8079
69990,168.1291,-60.0000,132.8079
70000,168.1291,-60.0000,132.8079
70010,168.1291,-60.0000,132.8079
70020,168.6265,-60.0000,132.3333
70030,169.2616,-60.0000,131.7233
70040,169.8885,-60.0000,131.1042
70050,170.5136,-60.0000,130.4834
70060,171.1476,-60.0000,129.8781
70070,171.9850,-60.0000,129.6291
70080,172.8587,-60.0000,129.5407
70090,173.7388,-60.0000,129.5249
70100,174.5328,-60.0000,129.2617
70110,175.1453,-60.0000,128.7809
70120,175.1660,-60.0000,128.7671
70130,175.1660,-60.0000,128.7671
70140,175.1660,-60.0000,128.7671
70150,175.1660,-60.0000,128.7671
70160,175.1660,-60.0000,128.7671
70170,175.1660,-60.0000,128.7671
70180,175.1660,-60.0000,128.7671
70190,175.1660,-60.0000,128.7671
70200,175.1660,-60.0000,128.7671
70210,175.1660,-60.0000,128.7671
70220,175.1660,-60.0000,128.7671
70230,175.1660,-60.0000,128.7671
70240,175.1660,-60.0000,128.7671
70250,175.1660,-60.0000,128.7671
70260,175.3858,-60.0000,129.4059
70270,175.4708,-60.0000,130.2817
70280,175.4821,-60.0000,131.1622
70290,175.4889,-60.0000,132.0431
70300,175.4931,-60.0000,132.9241
70310,175.4957,-60.0000,133.8052
70320,175.4973,-60.0000,134.6862
70330,175.4984,-60.0000,135.5673
70340,175.4989,-60.0000,136.1924
70350,175.4989,-60.0000,136.1967
70360,175.4989,-60.0000,136.1967
70370,175.4989,-60.0000,136.1967
70380,175.4989,-60.0000,136.1967
70390,175.4989,-60.0000,136.1967
70400,175.4989,-60.0000,136.1967
70410,175.4989,-60.0000,136.1967
70420,175.4989,-60.0000,136.1967
70430,175.3430,-60.0000,136.1366
70440,174.6698,-60.0000,135.6017
70450,174.0281,-60.0000,134.9982
70460,173.3963,-60.0000,134.3842
70470,172.8415,-60.0000,133.8370
70480,172.8227,-60.0000,133.8184
70490,172.8227,-60.0000,133.8184
70500,172.7838,-60.0000,133.8091
70510,171.9833,-60.0000,133.6164
70520,171.1090,-60.0000,133.5395
70530,170.2287,-60.0000,133.5253
70540,169.3480,-60.0000,133.5153
70550,168.4671,-60.0000,133.5094
70560,167.8420,-60.0000,133.5067
70570,167.8377,-60.0000,133.5067
70580,167.8377,-60.0000,133.5067
70590,167.8377,-60.0000,133.5067
70600,167.8377,-60.0000,133.5067
70610,167.8377,-60.0000,133.5067
70620,167.8377,-60.0000,133.5067
70630,167.8377,-60.0000,133.5067
70640,167.8377,-60.0000,133.5067
70650,167.8377,-60.0000,133.5067
70660,167.8377,-60.0000,133.5067
70670,167.8377,-60.0000,133.5067
70680,167.8377,-60.0000,133.5067
70690,167.8377,-60.0000,133.5067
70700,167.8377,-60.0000,133.5067
70710,167.8377,-60.0000,133.5067
70720,167.8957,-60.0000,133.6638
70730,168.4198,-60.0000,134.3451
70740,169.0211,-60.0000,134.9889
70750,169.6353,-60.0000,135.6206
70760,170.2537,-60.0000,136.2480
70770,170.8753,-60.0000,136.8725
70780,171.4975,-60.0000,137.4963
70790,172.1202,-60.0000,138.1196
70800,172.7431,-60.0000,138.7428
70810,173.2196,-60.0000,139.4521
70820,173.4291,-60.0000,140.3054
70830,173.4913,-60.0000,141.1762
70840,174.0012,-60.0000,141.8801
70850,174.2273,-60.0000,142.1647
70860,174.2273,-60.0000,142.1647
70870,174.2273,-60.0000,142.1647
70880,174.2273,-60.0000,142.1647
70890,174.2273,-60.0000,142.1647
70900,174.2273,-60.0000,142.1647
70910,174.2273,-60.0000,142.1647
70920,174.2273,-60.0000,142.1647
70930,174.2273,-60.0000,142.1647
70940,174.2273,-60.0000,142.1647
70950,174.2273,-60.0000,142.1647
70960,174.2273,-60.0000,142.1647
70970,174.2273,-60.0000,142.1647
70980,174.2273,-60.0000,142.1647
70990,174.2273,-60.0000,142.1647
71000,173.9823,-60.0000,142.6146
71010,173.5155,-60.0000,143.3549
71020,172.9321,-60.0000,144.0148
71030,172.1397,-60.0000,144.3383
71040,171.2710,-60.0000,144.4566
71050,170.4783,-60.0000,144.7250
71060,169.8673,-60.0000,145.2076
71070,169.8466,-60.0000,145.2214
71080,169.8466,-60.0000,145.2214
71090,169.8466,-60.0000,145.2214
71100,169.8113,-60.0000,145.2025
71110,169.0855,-60.0000,144.8137
71120,168.6653,-60.0000,144.1067
71130,168.5478,-60.0000,143.2376
71140,168.2577,-60.0000,142.4465
71150,167.7499,-60.0000,141.7385
71160,167.5699,-60.0000,140.8797
71170,167.5296,-60.0000,140.0012
71180,167.5189,-60.0000,139.1206
71190,167.1582,-60.0000,138.3585
71200,166.7783,-60.0000,137.8622
71210,166.7783,-60.0000,137.8588
71220,166.7783,-60.0000,137.8588
71230,166.7783,-60.0000,137.8588
71240,166.7783,-60.0000,137.8588
71250,166.7783,-60.0000,137.8588
71260,166.7783,-60.0000,137.8588
71270,166.7783,-60.0000,137.8588
71280,166.7783,-60.0000,137.8588
71290,166.7783,-60.0000,137.8588
71300,166.7783,-60.0000,137.8588
71310,166.7783,-60.0000,137.8588
71320,166.7783,-60.0000,137.8588
71330,166.3072,-60.0000,137.3581
71340,165.7010,-60.0000,136.7194
71350,165.0829,-60.0000,136.0916
71360,164.4625,-60.0000,135.4660
71370,163.8406,-60.0000,134.8419
71380,163.2179,-60.0000,134.2186
71390,162.5951,-60.0000,133.5954
71400,161.9722,-60.0000,132.9723
71410,161.1698,-60.0000,132.6632
71420,160.3004,-60.0000,132.5442
71430,159.4203,-60.0000,132.5281
71440,158.5917,-60.0000,132.3647
71450,157.9006,-60.0000,131.8216
71460,157.8219,-60.0000,131.7612
71470,157.8219,-60.0000,131.7612
71480,157.5761,-60.0000,131.5267
71490,156.9423,-60.0000,130.9221
71500,156.3141,-60.0000,130.3044
71510,155.7985,-60.0000,129.6191
71520,155.5876,-60.0000,128.7667
71530,155.5242,-60.0000,127.8885
71540,155.0394,-60.0000,127.1726
71550,154.6689,-60.0000,126.4004
71560,154.5409,-60.0000,125.5309
71570,154.5251,-60.0000,124.6508
71580,154.4574,-60.0000,123.7889
71590,153.9449,-60.0000,123.0800
71600,153.7790,-60.0000,122.8601
71610,153.7790,-60.0000,122.8601
71620,153.9102,-60.0000,122.8865
71630,154.2842,-60.0000,123.6169
71640,154.4482,-60.0000,124.4792
71650,154.4707,-60.0000,125.3588
71660,154.5402,-60.0000,126.2203
71670,155.0559,-60.0000,126.9269
71680,155.2229,-60.0000,127.1459
71690,155.2229,-60.0000,127.1459
71700,155.2229,-60.0000,127.1459
71710,155.2229,-60.0000,127.1459
71720,155.2229,-60.0000,127.1459
71730,155.2229,-60.0000,127.1459
71740,155.2229,-60.0000,127.1459
71750,155.8364,-60.0000,126.8356
71760,156.5518,-60.0000,126.3334
71770,157.2359,-60.0000,125.7943
71780,158.0887,-60.0000,125.5885
71790,158.7952,-60.0000,125.0791
71800,159.5623,-60.0000,124.6961
71810,160.4292,-60.0000,124.5529
71820,161.3087,-60.0000,124.5292
71830,162.1817,-60.0000,124.4945
71840,162.8881,-60.0000,123.9877
71850,163.1737,-60.0000,123.7629
71860,163.1737,-60.0000,123.7629
71870,163.1737,-60.0000,123.7629
71880,163.1737,-60.0000,123.7629
71890,163.1737,-60.0000,123.7629
71900,163.1737,-60.0000,123.7629
71910,163.1737,-60.0000,123.7629
71920,163.1737,-60.0000,123.7629
71930,163.1737,-60.0000,123.7629
71940,162.9190,-60.0000,124.1234
71950,162.2878,-60.0000,124.7342
71960,161.6580,-60.0000,125.3502
71970,161.0327,-60.0000,125.9710
71980,160.4087,-60.0000,126.5929
71990,159.7852,-60.0000,127.2154
72000,159.1620,-60.0000,127.8383
72010,158.4288,-60.0000,128.2701
72020,157.5673,-60.0000,128.4381
72030,156.6880,-60.0000,128.4700
72040,155.8151,-60.0000,128.5051
72050,155.1094,-60.0000,129.0129
72060,154.8241,-60.0000,129.2381
72070,154.8241,-60.0000,129.2381
72080,154.8241,-60.0000,129.2381
72090,154.8241,-60.0000,129.2381
72100,154.8241,-60.0000,129.2381
72110,154.8241,-60.0000,129.2381
72120,154.8241,-60.0000,129.2381
72130,154.6100,-60.0000,128.5973
72140,154.5283,-60.0000,127.7212
72150,154.5173,-60.0000,126.8406
72160,154.5108,-60.0000,125.9597
72170,154.5067,-60.0000,125.0787
72180,154.5042,-60.0000,124.1977
72190,154.5026,-60.0000,123.3166
72200,154.5019,-60.0000,122.7753
72210,154.5019,-60.0000,122.7753
72220,154.5019,-60.0000,122.7753
72230,154.5019,-60.0000,122.7753
72240,154.5019,-60.0000,122.7753
72250,154.5019,-60.0000,122.7753
72260,154.5019,-60.0000,122.7753
72270,154.5019,-60.0000,122.7753
72280,154.5019,-60.0000,122.7753
72290,154.5019,-60.0000,122.7753
72300,154.3934,-60.0000,122.6372
72310,153.8597,-60.0000,121.9579
72320,153.2672,-60.0000,121.3067
72330,152.6567,-60.0000,120.6715
72340,152.0378,-60.0000,120.0445
72350,151.4167,-60.0000,119.4196
72360,150.7946,-60.0000,118.7957
72370,150.1718,-60.0000,118.1725
72380,149.5490,-60.0000,117.5493
72390,148.9261,-60.0000,116.9262
72400,148.3031,-60.0000,116.3032
72410,147.7914,-60.0000,115.6149
72420,147.5294,-60.0000,114.7827
72430,146.9860,-60.0000,114.0928
72440,146.7572,-60.0000,113.8104
72450,146.7572,-60.0000,113.8104
72460,146.7572,-60.0000,113.8104
72470,146.7572,-60.0000,113.8104
72480,146.7572,-60.0000,113.8104
72490,146.7572,-60.0000,113.8104
72500,146.7572,-60.0000,113.8104
72510,146.9985,-60.0000,113.9425
72520,147.6015,-60.0000,114.5722
72530,148.2153,-60.0000,115.2043
72540,148.8354,-60.0000,115.8301
72550,149.4568,-60.0000,116.4547
72560,150.0792,-60.0000,117.0783
72570,150.7020,-60.0000,117.7015
72580,151.2130,-60.0000,118.3901
72590,151.4731,-60.0000,119.2227
72600,152.0171,-60.0000,119.9122
72610,152.2461,-60.0000,120.1943
72620,152.2461,-60.0000,120.1943
72630,152.2461,-60.0000,120.1943
72640,152.2461,-60.0000,120.1943
72650,152.2461,-60.0000,120.1943
72660,152.2461,-60.0000,120.1943
72670,152.2461,-60.0000,120.1943
72680,152.2461,-60.0000,120.1943
72690,152.2461,-60.0000,120.1943
72700,152.2461,-60.0000,120.1943
72710,152.2461,-60.0000,120.1943
72720,152.2461,-60.0000,120.1943
72730,152.2461,-60.0000,120.1943
72740,152.2461,-60.0000,120.1943
72750,152.2461,-60.0000,120.1943
72760,152.2461,-60.0000,120.1943
72770,152.2461,-60.0000,120.1943
72780,152.2461,-60.0000,120.1943
72790,152.2461,-60.0000,120.1943
72800,152.2461,-60.0000,120.1943
72810,152.2461,-60.0000,120.1943
72820,152.2461,-60.0000,120.1943
72830,152.2461,-60.0000,120.1943
72840,152.2461,-60.0000,120.1943
72850,152.2461,-60.0000,120.1943
72860,152.2461,-60.0000,120.1943
72870,152.2461,-60.0000,120.1943
72880,152.2461,-60.0000,120.1943
72890,152.2461,-60.0000,120.1943
72900,152.2461,-60.0000,120.1943
72910,152.2461,-60.0000,120.1943
72920,152.2461,-60.0000,120.1943
72930,152.2461,-60.0000,120.1943
72940,152.2461,-60.0000,120.1943
72950,152.2461,-60.0000,120.1943
72960,152.2461,-60.0000,120.1943
72970,152.2461,-60.0000,120.1943
72980,152.2461,-60.0000,120.1943
72990,151.9919,-60.0000,120.6391
73000,151.5128,-60.0000,121.3721
73010,150.9252,-60.0000,122.0284
73020,150.3158,-60.0000,122.6644
73030,149.6992,-60.0000,123.2938
73040,149.0781,-60.0000,123.9187
73050,148.4561,-60.0000,124.5427
73060,147.8509,-60.0000,125.1763
73070,147.6134,-60.0000,126.0166
73080,147.5383,-60.0000,126.8913
73090,147.5245,-60.0000,127.7716
73100,147.2572,-60.0000,128.5627
73110,146.7688,-60.0000,129.1691
73120,146.7549,-60.0000,129.1896
73130,146.7549,-60.0000,129.1896
73140,146.7549,-60.0000,129.1896
73150,146.7549,-60.0000,129.1896
73160,146.7549,-60.0000,129.1896
73170,146.7549,-60.0000,129.1896
73180,146.7549,-60.0000,129.1896
73190,146.7549,-60.0000,129.1896
73200,146.7549,-60.0000,129.1896
73210,146.7549,-60.0000,129.1896
73220,146.7549,-60.0000,129.1896
73230,146.7549,-60.0000,129.1896
73240,146.7549,-60.0000,129.1896
73250,146.7549,-60.0000,129.1896
73260,146.7549,-60.0000,129.1896
73270,146.7549,-60.0000,129.1896
73280,146.7549,-60.0000,129.1896
73290,147.2334,-60.0000,128.8078
73300,147.8455,-60.0000,128.1752
73310,148.4621,-60.0000,127.5460
73320,149.0827,-60.0000,126.9205
73330,149.1537,-60.0000,126.8489
73340,149.1537,-60.0000,126.8489
73350,149.1537,-60.0000,126.8489
73360,149.1537,-60.0000,126.8489
73370,149.1537,-60.0000,126.8489
73380,149.1537,-60.0000,126.8489
73390,149.1537,-60.0000,126.8489
73400,149.1537,-60.0000,126.8489
73410,149.1537,-60.0000,126.8489
73420,149.1537,-60.0000,126.8489
73430,149.1537,-60.0000,126.8489
73440,149.1537,-60.0000,126.8489
73450,149.1537,-60.0000,126.8489
73460,149.0055,-60.0000,126.5432
73470,148.6018,-60.0000,125.7692
73480,148.0288,-60.0000,125.1014
73490,147.4288,-60.0000,124.4565
73500,146.8148,-60.0000,123.8247
73510,146.1944,-60.0000,123.1991
73520,145.5727,-60.0000,122.5748
73530,144.9503,-60.0000,121.9512
73540,144.3275,-60.0000,121.3280
73550,143.7046,-60.0000,120.7048
73560,143.0817,-60.0000,120.0818
73570,142.4587,-60.0000,119.4588
73580,141.8357,-60.0000,118.8358
73590,141.2127,-60.0000,118.2128
73600,140.8299,-60.0000,117.8300
73610,140.7057,-60.0000,117.7058
73620,140.0949,-60.0000,117.0950
73630,139.4719,-60.0000,116.4720
73640,138.8489,-60.0000,115.8490
73650,138.2259,-60.0000,115.2260
73660,137.7542,-60.0000,114.5154
73670,137.5695,-60.0000,113.6570
73680,137.5313,-60.0000,112.7781
73690,137.5188,-60.0000,111.8975
73700,137.0427,-60.0000,111.1800
73710,136.7628,-60.0000,110.8257
73720,136.7628,-60.0000,110.8257
73730,136.7628,-60.0000,110.8257
73740,136.7628,-60.0000,110.8257
73750,136.7628,-60.0000,110.8257
73760,136.7628,-60.0000,110.8257
73770,136.7628,-60.0000,110.8257
73780,136.7628,-60.0000,110.8257
73790,136.7628,-60.0000,110.8257
73800,136.7628,-60.0000,110.8257
73810,136.7628,-60.0000,110.8257
73820,136.7628,-60.0000,110.8257
73830,136.7628,-60.0000,110.8257
73840,136.7628,-60.0000,110.8257
73850,136.7628,-60.0000,110.8257
73860,136.7275,-60.0000,110.8445
73870,136.0013,-60.0000,111.2324
73880,135.3144,-60.0000,111.7774
73890,134.6629,-60.0000,112.3704
73900,134.0308,-60.0000,112.9841
73910,133.4035,-60.0000,113.6027
73920,132.7785,-60.0000,114.2238
73930,132.1549,-60.0000,114.8462
73940,131.5316,-60.0000,115.4689
73950,130.9085,-60.0000,116.0917
73960,130.2855,-60.0000,116.7147
73970,129.6624,-60.0000,117.3377
73980,129.0394,-60.0000,117.9607
73990,128.8435,-60.0000,118.1566
74000,128.8435,-60.0000,118.1566
74010,128.8435,-60.0000,118.1566
74020,128.8435,-60.0000,118.1566
74030,128.8435,-60.0000,118.1566
74040,128.8435,-60.0000,118.1566
74050,128.8435,-60.0000,118.1566
74060,128.8435,-60.0000,118.1566
74070,128.8435,-60.0000,118.1566
74080,128.8435,-60.0000,118.1566
74090,128.8435,-60.0000,118.1566
74100,128.8435,-60.0000,118.1566
74110,128.8435,-60.0000,118.1566
74120,128.8435,-60.0000,118.1566
74130,128.8435,-60.0000,118.1566
74140,128.8435,-60.0000,118.1566
74150,128.8435,-60.0000,118.1566
74160,128.8435,-60.0000,118.1566
74170,128.8435,-60.0000,118.1566
74180,128.8435,-60.0000,118.1566
74190,128.5383,-60.0000,118.0074
74200,127.7419,-60.0000,117.6537
74210,126.8698,-60.0000,117.5412
74220,125.9898,-60.0000,117.5203
74230,125.2525,-60.0000,117.0982
74240,124.8286,-60.0000,116.7643
74250,124.8286,-60.0000,116.7643
74260,124.8286,-60.0000,116.7643
74270,124.8286,-60.0000,116.7643
74280,124.8286,-60.0000,116.7643
74290,124.8286,-60.0000,116.7643
74300,124.8286,-60.0000,116.7643
74310,124.8286,-60.0000,116.7643
74320,124.8286,-60.0000,116.7643
74330,124.8286,-60.0000,116.7643
74340,124.8286,-60.0000,116.7643
74350,124.8286,-60.0000,116.7643
74360,124.8286,-60.0000,116.7643
74370,124.8286,-60.0000,116.7643
74380,124.8286,-60.0000,116.7643
74390,124.7014,-60.0000,116.6433
74400,124.0756,-60.0000,116.0478
74410,123.4448,-60.0000,115.4327
74420,122.8181,-60.0000,114.8135
74430,122.1939,-60.0000,114.1917
74440,121.5702,-60.0000,113.5693
74450,120.9469,-60.0000,112.9466
74460,120.3238,-60.0000,112.3237
74470,119.7008,-60.0000,111.7008
74480,119.0778,-60.0000,111.0778
74490,118.4548,-60.0000,110.4548
74500,117.8318,-60.0000,109.8318
74510,117.2088,-60.0000,109.2088
74520,116.5858,-60.0000,108.5858
74530,115.9628,-60.0000,107.9628
74540,115.8292,-60.0000,107.8292
74550,115.8292,-60.0000,107.8292
74560,115.8292,-60.0000,107.8292
74570,115.8292,-60.0000,107.8292
74580,115.8292,-60.0000,107.8292
74590,115.3319,-60.0000,107.7060
74600,114.4689,-60.0000,107.5546
74610,113.5892,-60.0000,107.5300
74620,112.8104,-60.0000,107.5191
74630,112.7840,-60.0000,107.5191
74640,112.7840,-60.0000,107.5191
74650,112.7840,-60.0000,107.5191
74660,112.7840,-60.0000,107.5191
74670,112.7840,-60.0000,107.5191
74680,112.7840,-60.0000,107.5191
74690,112.7822,-60.0000,107.5590
74700,113.2717,-60.0000,108.2078
74710,113.8774,-60.0000,108.8473
74720,114.4909,-60.0000,109.4796
74730,115.1104,-60.0000,110.1061
74740,115.1813,-60.0000,110.1777
74750,115.1813,-60.0000,110.1777
74760,115.1813,-60.0000,110.1777
74770,115.3519,-60.0000,110.2194
74780,116.1921,-60.0000,110.4178
74790,117.0700,-60.0000,110.4659
74800,117.9505,-60.0000,110.4776
74810,118.8313,-60.0000,110.4862
74820,119.7122,-60.0000,110.4914
74830,120.5933,-60.0000,110.4946
74840,121.4743,-60.0000,110.4967
74850,122.3218,-60.0000,110.3946
74860,123.0244,-60.0000,109.8688
74870,123.1737,-60.0000,109.7557
74880,123.1737,-60.0000,109.7557
74890,123.1737,-60.0000,109.7557
74900,123.1737,-60.0000,109.7557
74910,123.1737,-60.0000,109.7557
74920,123.1737,-60.0000,109.7557
74930,123.1737,-60.0000,109.7557
74940,123.6205,-60.0000,110.0064
74950,124.2403,-60.0000,110.5559
74960,124.5689,-60.0000,111.3552
74970,125.1225,-60.0000,112.0396
74980,125.2395,-60.0000,112.1857
74990,125.2395,-60.0000,112.1857
75000,125.2395,-60.0000,112.1857
75010,125.2395,-60.0000,112.1857
75020,125.2395,-60.0000,112.1857
75030,125.2395,-60.0000,112.1857
75040,125.2395,-60.0000,112.1857
75050,125.3839,-60.0000,111.8893
75060,125.4683,-60.0000,111.0212
75070,125.4795,-60.0000,110.1407
75080,125.4875,-60.0000,109.2599
75090,125.4922,-60.0000,108.3789
75100,125.4951,-60.0000,107.4979
75110,125.4971,-60.0000,106.6169
75120,125.4982,-60.0000,105.7358
75130,125.5216,-60.0000,104.8619
75140,126.0126,-60.0000,104.1433
75150,126.2304,-60.0000,103.8522
75160,126.2304,-60.0000,103.8522
75170,126.2304,-60.0000,103.8522
75180,126.6868,-60.0000,104.0850
75190,127.4242,-60.0000,104.5530
75200,128.0859,-60.0000,105.1344
75210,128.7218,-60.0000,105.7441
75220,129.2367,-60.0000,106.4268
75230,129.4312,-60.0000,107.2831
75240,129.4911,-60.0000,108.1544
75250,129.9958,-60.0000,108.8625
75260,130.2007,-60.0000,109.1842
75270,129.8137,-60.0000,109.9110
75280,129.2865,-60.0000,110.6104
75290,128.7763,-60.0000,111.3093
75300,128.5801,-60.0000,112.1655
75310,128.5345,-60.0000,113.0438
75320,128.1010,-60.0000,113.7729
75330,127.6864,-60.0000,114.5227
75340,127.5447,-60.0000,115.3901
75350,127.5251,-60.0000,116.2701
75360,127.4929,-60.0000,117.1435
75370,126.9959,-60.0000,117.8576
75380,126.7756,-60.0000,118.1467
75390,126.7756,-60.0000,118.1467
75400,126.7756,-60.0000,118.1467
75410,126.7756,-60.0000,118.1467
75420,126.7756,-60.0000,118.1467
75430,126.7756,-60.0000,118.1467
75440,127.0215,-60.0000,118.0157
75450,127.3442,-60.0000,117.2351
75460,127.4582,-60.0000,116.3648
75470,127.6739,-60.0000,115.5531
75480,128.1907,-60.0000,114.8910
75490,128.5734,-60.0000,114.4741
75500,129.1801,-60.0000,113.8372
75510,129.7985,-60.0000,113.2097
75520,130.4189,-60.0000,112.5841
75530,131.0410,-60.0000,111.9602
75540,131.6637,-60.0000,111.3368
75550,132.2865,-60.0000,110.7137
75560,132.9094,-60.0000,110.0906
75570,133.1676,-60.0000,109.8324
75580,133.1676,-60.0000,109.8324
75590,133.1676,-60.0000,109.8324
75600,133.1676,-60.0000,109.8324
75610,133.1676,-60.0000,109.8324
75620,133.1676,-60.0000,109.8324
75630,133.1676,-60.0000,109.8324
75640,133.1676,-60.0000,109.8324
75650,133.0154,-60.0000,109.5287
75660,132.6546,-60.0000,108.7357
75670,132.5408,-60.0000,107.8639
75680,132.0417,-60.0000,107.1558
75690,131.7560,-60.0000,106.8063
75700,131.7560,-60.0000,106.8063
75710,131.7560,-60.0000,106.8063
75720,131.7560,-60.0000,106.8063
75730,131.7560,-60.0000,106.8063
75740,131.7560,-60.0000,106.8063
75750,131.7560,-60.0000,106.8063
75760,131.7560,-60.0000,106.8063
75770,131.7560,-60.0000,106.8063
75780,131.7560,-60.0000,106.8063
75790,131.7560,-60.0000,106.8063
75800,131.7560,-60.0000,106.8063
75810,131.7560,-60.0000,106.8063
75820,131.7560,-60.0000,106.8063
75830,131.7560,-60.0000,106.8063
75840,131.7560,-60.0000,106.8063
75850,131.7560,-60.0000,106.8063
75860,131.7560,-60.0000,106.8063
75870,131.7560,-60.0000,106.8063
75880,131.9241,-60.0000,106.5111
75890,132.3745,-60.0000,105.7620
75900,132.9573,-60.0000,105.1022
75910,133.5616,-60.0000,104.4613
75920,134.1773,-60.0000,103.8310
75930,134.7981,-60.0000,103.2058
75940,135.4198,-60.0000,102.5816
75950,136.0424,-60.0000,101.9582
75960,136.3462,-60.0000,101.1544
75970,136.4573,-60.0000,100.2841
75980,136.4731,-60.0000,99.4040
75990,136.6374,-60.0000,98.5762
76000,137.1845,-60.0000,97.8883
76010,137.2453,-60.0000,97.8100
76020,137.2453,-60.0000,97.8100
76030,137.2453,-60.0000,97.8100
76040,137.2453,-60.0000,97.8100
76050,137.2453,-60.0000,97.8100
76060,137.2453,-60.0000,97.8100
76070,137.2453,-60.0000,97.8100
76080,137.2453,-60.0000,97.8100
76090,137.2453,-60.0000,97.8100
76100,137.2453,-60.0000,97.8100
76110,137.2453,-60.0000,97.8100
76120,137.2453,-60.0000,97.8100
76130,137.2453,-60.0000,97.8100
76140,137.2453,-60.0000,97.8100
76150,137.2453,-60.0000,97.8100
76160,137.2453,-60.0000,97.8100
76170,137.2453,-60.0000,97.8100
76180,137.2453,-60.0000,97.8100
76190,137.2453,-60.0000,97.8100
76200,137.2453,-60.0000,97.8100
76210,137.2453,-60.0000,97.8100
76220,137.2453,-60.0000,97.8100
76230,137.2804,-60.0000,97.8293
76240,138.0018,-60.0000,98.2260
76250,138.6864,-60.0000,98.7745
76260,139.3368,-60.0000,99.3686
76270,139.9686,-60.0000,99.9827
76280,140.5957,-60.0000,100.6015
76290,141.2206,-60.0000,101.2227
76300,141.8441,-60.0000,101.8451
76310,142.2750,-60.0000,102.5784
76320,142.4406,-60.0000,103.4404
76330,142.4675,-60.0000,104.3199
76340,142.5037,-60.0000,105.1926
76350,143.0139,-60.0000,105.8965
76360,143.2401,-60.0000,106.1809
76370,143.2401,-60.0000,106.1809
76380,143.2401,-60.0000,106.1809
76390,143.2401,-60.0000,106.1809
76400,143.2401,-60.0000,106.1809
76410,143.2401,-60.0000,106.1809
76420,143.2401,-60.0000,106.1809
76430,143.2401,-60.0000,106.1809
76440,143.2401,-60.0000,106.1809
76450,143.2401,-60.0000,106.1809
76460,143.2401,-60.0000,106.1809
76470,143.2401,-60.0000,106.1809
76480,143.2401,-60.0000,106.1809
76490,143.2401,-60.0000,106.1809
76500,143.2401,-60.0000,106.1809
76510,143.2401,-60.0000,106.1809
76520,143.2401,-60.0000,106.1809
76530,143.2401,-60.0000,106.1809
76540,143.2401,-60.0000,106.1809
76550,143.2401,-60.0000,106.1809
76560,143.2401,-60.0000,106.1809
76570,143.2401,-60.0000,106.1809
76580,143.2401,-60.0000,106.1809
76590,143.2401,-60.0000,106.1809
76600,143.6908,-60.0000,105.9373
76610,144.4213,-60.0000,105.4569
76620,145.0807,-60.0000,104.8728
76630,145.7160,-60.0000,104.2624
76640,146.2313,-60.0000,103.5797
76650,146.4849,-60.0000,102.7457
76660,147.0331,-60.0000,102.0599
76670,147.2077,-60.0000,101.8471
76680,146.7309,-60.0000,102.2289
76690,146.1189,-60.0000,102.8616
76700,145.5016,-60.0000,103.4902
76710,144.8811,-60.0000,104.1157
76720,144.2589,-60.0000,104.7395
76730,143.6364,-60.0000,105.3630
76740,143.0136,-60.0000,105.9862
76750,142.3907,-60.0000,106.6093
76760,141.7677,-60.0000,107.2323
76770,141.1447,-60.0000,107.8553
76780,140.5217,-60.0000,108.4783
76790,139.8987,-60.0000,109.1013
76800,139.8274,-60.0000,109.1726
76810,139.8274,-60.0000,109.1726
76820,139.8274,-60.0000,109.1726
76830,139.8274,-60.0000,109.1726
76840,139.8274,-60.0000,109.1726
76850,139.2142,-60.0000,108.8619
76860,138.4880,-60.0000,108.3761
76870,137.8297,-60.0000,107.7907
76880,137.1963,-60.0000,107.1783
76890,136.5680,-60.0000,106.5607
76900,135.9428,-60.0000,105.9398
76910,135.6620,-60.0000,105.1179
76920,135.5482,-60.0000,104.2476
76930,135.2595,-60.0000,103.4557
76940,134.7758,-60.0000,102.8454
76950,134.7620,-60.0000,102.8247
76960,134.7620,-60.0000,102.8247
76970,134.7620,-60.0000,102.8247
76980,134.7620,-60.0000,102.8247
76990,134.7620,-60.0000,102.8247
77000,134.7620,-60.0000,102.8247
77010,134.7620,-60.0000,102.8247
77020,134.7620,-60.0000,102.8247
77030,134.7620,-60.0000,102.8247
77040,134.7620,-60.0000,102.8247
77050,134.7620,-60.0000,102.8247
77060,134.7620,-60.0000,102.8247
77070,134.6072,-60.0000,102.9076
77080,133.8505,-60.0000,103.3224
77090,133.1822,-60.0000,103.8943
77100,132.5361,-60.0000,104.4930
77110,131.9042,-60.0000,105.1070
77120,131.2783,-60.0000,105.7270
77130,130.6536,-60.0000,106.3484
77140,130.0301,-60.0000,106.9708
77150,129.4069,-60.0000,107.5936
77160,128.8558,-60.0000,108.1445
77170,129.0968,-60.0000,107.8231
77180,129.7382,-60.0000,107.2235
77190,130.3726,-60.0000,106.6123
77200,130.9998,-60.0000,105.9935
77210,131.6246,-60.0000,105.3723
77220,132.2485,-60.0000,104.7502
77230,132.8719,-60.0000,104.1275
77240,133.4950,-60.0000,103.5047
77250,134.0898,-60.0000,102.9100
77260,134.1271,-60.0000,102.8728
77270,134.1271,-60.0000,102.8728
77280,133.6745,-60.0000,102.6619
77290,132.8046,-60.0000,102.5432
77300,131.9245,-60.0000,102.5218
77310,131.0437,-60.0000,102.5143
77320,130.2867,-60.0000,102.8771
77330,129.5306,-60.0000,103.2870
77340,128.6653,-60.0000,103.4412
77350,127.7859,-60.0000,103.4696
77360,126.9054,-60.0000,103.4817
77370,126.1864,-60.0000,103.9559
77380,125.8311,-60.0000,104.2346
77390,125.8311,-60.0000,104.2346
77400,125.8311,-60.0000,104.2346
77410,125.8311,-60.0000,104.2346
77420,125.8311,-60.0000,104.2346
77430,125.8311,-60.0000,104.2346
77440,125.8311,-60.0000,104.2346
77450,125.7867,-60.0000,104.4045
77460,125.5861,-60.0000,105.2432
77470,125.5263,-60.0000,106.1214
77480,125.5168,-60.0000,107.0021
77490,125.5107,-60.0000,107.8830
77500,125.8622,-60.0000,108.6491
77510,126.2367,-60.0000,109.1495
77520,126.5872,-60.0000,109.5266
77530,127.1615,-60.0000,110.1390
77540,127.1946,-60.0000,110.1774
77550,127.1946,-60.0000,110.1774
77560,127.1946,-60.0000,110.1774
77570,127.1946,-60.0000,110.1774
77580,127.1946,-60.0000,110.1774
77590,127.1946,-60.0000,110.1774
77600,127.1946,-60.0000,110.1774
77610,127.1946,-60.0000,110.1774
77620,127.1946,-60.0000,110.1774
77630,127.1946,-60.0000,110.1774
77640,127.1946,-60.0000,110.1774
77650,127.1946,-60.0000,110.1774
77660,127.1946,-60.0000,110.1774
77670,127.1946,-60.0000,110.1774
77680,127.1946,-60.0000,110.1774
77690,127.1946,-60.0000,110.1774
77700,127.1946,-60.0000,110.1774
77710,127.1946,-60.0000,110.1774
77720,127.1946,-60.0000,110.1774
77730,127.1946,-60.0000,110.1774
77740,127.1946,-60.0000,110.1774
77750,127.1946,-60.0000,110.1774
77760,127.4125,-60.0000,109.5441
77770,127.4724,-60.0000,108.6666
77780,127.4599,-60.0000,107.7935
77790,126.9580,-60.0000,107.0832
77800,126.6574,-60.0000,106.2758
77810,126.5463,-60.0000,105.4047
77820,126.5277,-60.0000,104.5248
77830,126.4139,-60.0000,103.6788
77840,125.8812,-60.0000,102.9816
77850,125.7666,-60.0000,102.8334
77860,125.7666,-60.0000,102.8334
77870,125.7666,-60.0000,102.8334
77880,125.7666,-60.0000,102.8334
77890,125.7666,-60.0000,102.8334
77900,125.7666,-60.0000,102.8334
77910,125.7666,-60.0000,102.8334
77920,125.7666,-60.0000,102.8334
77930,125.7666,-60.0000,102.8334
77940,125.8512,-60.0000,102.6795
77950,126.2675,-60.0000,101.9226
77960,127.0633,-60.0000,101.6155
77970,127.9389,-60.0000,101.5353
77980,128.6923,-60.0000,101.1485
77990,129.4303,-60.0000,100.7045
78000,130.2958,-60.0000,100.5512
78010,131.1755,-60.0000,100.5263
78020,132.0562,-60.0000,100.5163
78030,132.7822,-60.0000,100.0513
78040,133.1418,-60.0000,99.7780
78050,133.0629,-60.0000,99.6211
78060,132.6673,-60.0000,98.8544
78070,132.1000,-60.0000,98.1825
78080,131.3893,-60.0000,97.7268
78090,130.5289,-60.0000,97.5554
78100,129.6493,-60.0000,97.5295
78110,128.7877,-60.0000,97.4602
78120,128.0796,-60.0000,96.9465
78130,127.8601,-60.0000,96.7801
78140,127.8601,-60.0000,96.7801
78150,127.8601,-60.0000,96.7801
78160,127.8601,-60.0000,96.7801
78170,127.8601,-60.0000,96.7801
78180,127.8601,-60.0000,96.7801
78190,127.8601,-60.0000,96.7801
78200,127.8601,-60.0000,96.7801
78210,127.8601,-60.0000,96.7801
78220,127.7322,-60.0000,96.6598
78230,127.1032,-60.0000,96.0677
78240,126.4696,-60.0000,95.4556
78250,125.8422,-60.0000,94.8371
78260,125.2178,-60.0000,94.2154
78270,124.5941,-60.0000,93.5932
78280,123.9708,-60.0000,92.9705
78290,123.3477,-60.0000,92.3476
78300,122.8488,-60.0000,91.8488
78310,122.8402,-60.0000,91.8402
78320,122.8402,-60.0000,91.8402
78330,122.8402,-60.0000,91.8402
78340,122.8402,-60.0000,91.8402
78350,122.8402,-60.0000,91.8402
78360,122.8402,-60.0000,91.8402
78370,122.8402,-60.0000,91.8402
78380,122.8402,-60.0000,91.8402
78390,122.8402,-60.0000,91.8402
78400,122.8402,-60.0000,91.8402
78410,122.8120,-60.0000,91.8685
78420,123.3579,-60.0000,92.4163
78430,123.9971,-60.0000,93.0223
78440,124.6269,-60.0000,93.6383
78450,125.2535,-60.0000,94.2578
78460,125.8776,-60.0000,94.8796
78470,126.6327,-60.0000,95.2759
78480,127.4225,-60.0000,95.6232
78490,128.1064,-60.0000,96.1779
78500,128.1844,-60.0000,96.2391
78510,128.1844,-60.0000,96.2391
78520,128.1844,-60.0000,96.2391
78530,128.1844,-60.0000,96.2391
78540,128.1844,-60.0000,96.2391
78550,128.1844,-60.0000,96.2391
78560,128.1844,-60.0000,96.2391
78570,128.1844,-60.0000,96.2391
78580,128.1844,-60.0000,96.2391
78590,128.1844,-60.0000,96.2391
78600,128.1844,-60.0000,96.2391
78610,128.4297,-60.0000,96.4741
78620,129.0621,-60.0000,97.0802
78630,129.6897,-60.0000,97.6985
78640,130.3154,-60.0000,98.3188
78650,130.9394,-60.0000,98.9408
78660,131.5628,-60.0000,99.5634
78670,132.1860,-60.0000,100.1862
78680,132.8091,-60.0000,100.8091
78690,133.4321,-60.0000,101.4321
78700,134.0551,-60.0000,102.0551
78710,134.6781,-60.0000,102.6781
78720,135.1202,-60.0000,103.1202
78730,135.1232,-60.0000,103.1232
78740,135.1232,-60.0000,103.1232
78750,135.1232,-60.0000,103.1232
78760,135.1232,-60.0000,103.1232
78770,135.1232,-60.0000,103.1232
78780,135.1232,-60.0000,103.1232
78790,135.1232,-60.0000,103.1232
78800,135.1232,-60.0000,103.1232
78810,135.1232,-60.0000,103.1232
78820,135.1232,-60.0000,103.1232
78830,135.0012,-60.0000,103.1013
78840,134.7797,-60.0000,102.8555
78850,134.7797,-60.0000,102.8555
78860,134.7797,-60.0000,102.8555
78870,134.7797,-60.0000,102.8555
78880,134.7797,-60.0000,102.8555
78890,134.7797,-60.0000,102.8555
78900,134.7797,-60.0000,102.8555
78910,134.7797,-60.0000,102.8555
78920,134.7797,-60.0000,102.8555
78930,134.7797,-60.0000,102.8555
78940,134.7797,-60.0000,102.8555
78950,134.7797,-60.0000,102.8555
78960,134.7797,-60.0000,102.8555
78970,134.7797,-60.0000,102.8555
78980,134.7797,-60.0000,102.8555
78990,134.7797,-60.0000,102.8555
79000,134.7797,-60.0000,102.8555
79010,134.6105,-60.0000,102.8085
79020,133.7748,-60.0000,102.5961
79030,132.8971,-60.0000,102.5271
79040,132.0164,-60.0000,102.5153
79050,131.1355,-60.0000,102.5099
79060,130.3600,-60.0000,102.8191
79070,129.8696,-60.0000,103.2063
79080,129.8662,-60.0000,103.2063
79090,129.8662,-60.0000,103.2063
79100,129.8662,-60.0000,103.2063
79110,129.8662,-60.0000,103.2063
79120,129.8662,-60.0000,103.2063
79130,129.8662,-60.0000,103.2063
79140,130.0916,-60.0000,103.6664
79150,130.5503,-60.0000,104.4090
79160,131.1281,-60.0000,105.0739
79170,131.7364,-60.0000,105.7111
79180,132.3514,-60.0000,106.3420
79190,132.9718,-60.0000,106.9676
79200,133.3192,-60.0000,107.7481
79210,133.6931,-60.0000,108.5222
79220,134.1882,-60.0000,109.1235
79230,134.2023,-60.0000,109.1438
79240,134.2023,-60.0000,109.1438
79250,134.2023,-60.0000,109.1438
79260,134.2023,-60.0000,109.1438
79270,134.2023,-60.0000,109.1438
79280,134.2023,-60.0000,109.1438
79290,134.2023,-60.0000,109.1438
79300,134.2023,-60.0000,109.1438
79310,134.2023,-60.0000,109.1438
79320,134.2023,-60.0000,109.1438
79330,134.2023,-60.0000,109.1438
79340,134.2752,-60.0000,109.4757
79350,134.4362,-60.0000,110.3350
79360,134.4690,-60.0000,111.2142
79370,134.4813,-60.0000,112.0947
79380,134.4879,-60.0000,112.9756
79390,134.9005,-60.0000,113.7196
79400,135.2274,-60.0000,114.1490
79410,135.2274,-60.0000,114.1490
79420,135.2274,-60.0000,114.1490
79430,135.2274,-60.0000,114.1490
79440,135.2274,-60.0000,114.1490
79450,135.2274,-60.0000,114.1490
79460,135.2274,-60.0000,114.1490
79470,135.2274,-60.0000,114.1490
79480,135.2274,-60.0000,114.1490
79490,135.2274,-60.0000,114.1490
79500,135.2274,-60.0000,114.1490
79510,135.2548,-60.0000,114.1781
79520,135.8194,-60.0000,114.7774
79530,136.4288,-60.0000,115.4134
79540,137.0473,-60.0000,116.0409
79550,137.1800,-60.0000,116.1754
79560,137.0576,-60.0000,116.1532
79570,136.4805,-60.0000,115.5311
79580,135.8735,-60.0000,114.8926
79590,135.2557,-60.0000,114.2645
79600,134.6355,-60.0000,113.6387
79610,134.0134,-60.0000,113.0148
79620,133.3908,-60.0000,112.3914
79630,132.7679,-60.0000,111.7682
79640,132.1450,-60.0000,111.1451
79650,131.5220,-60.0000,110.5221
79660,130.8990,-60.0000,109.8991
79670,130.2760,-60.0000,109.2761
79680,129.6530,-60.0000,108.6531
79690,129.0300,-60.0000,108.0301
79700,128.4070,-60.0000,107.4071
79710,127.8560,-60.0000,106.8561
79720,127.8373,-60.0000,106.8374
79730,127.8373,-60.0000,106.8374
79740,127.8373,-60.0000,106.8374
79750,127.8373,-60.0000,106.8374
79760,127.8373,-60.0000,106.8374
79770,127.8373,-60.0000,106.8374
79780,127.8373,-60.0000,106.8374
79790,127.8373,-60.0000,106.8374
79800,127.8373,-60.0000,106.8374
79810,127.8373,-60.0000,106.8374
79820,127.8373,-60.0000,106.8374
79830,127.8373,-60.0000,106.8374
79840,127.8373,-60.0000,106.8374
79850,127.8373,-60.0000,106.8374
79860,127.8373,-60.0000,106.8374
79870,127.8373,-60.0000,106.8374
79880,127.8373,-60.0000,106.8374
79890,127.8276,-60.0000,106.7986
79900,127.6262,-60.0000,106.0003
79910,127.5415,-60.0000,105.1266
79920,127.5251,-60.0000,104.2467
79930,127.5154,-60.0000,103.3660
79940,127.5096,-60.0000,102.4850
79950,127.5057,-60.0000,101.6040
79960,127.5632,-60.0000,100.7422
79970,128.0809,-60.0000,100.0372
79980,128.2486,-60.0000,99.8187
79990,128.2486,-60.0000,99.8187
80000,128.2486,-60.0000,99.8187
80010,128.3122,-60.0000,99.4850
80020,128.3435,-60.0000,98.6527
80030,127.8321,-60.0000,97.9419
80040,127.7742,-60.0000,97.8613
80050,127.7742,-60.0000,97.8613
80060,127.7742,-60.0000,97.8613
80070,127.7742,-60.0000,97.8613
80080,127.7742,-60.0000,97.8613
80090,127.7742,-60.0000,97.8613
80100,127.7742,-60.0000,97.8613
80110,127.7742,-60.0000,97.8613
80120,127.7742,-60.0000,97.8613
80130,127.7742,-60.0000,97.8613
80140,127.7742,-60.0000,97.8613
80150,128.0720,-60.0000,97.7004
80160,128.9322,-60.0000,97.5637
80170,129.8112,-60.0000,97.5253
80180,130.6919,-60.0000,97.5159
80190,131.5728,-60.0000,97.5095
80200,132.4538,-60.0000,97.5058
80210,133.1592,-60.0000,97.5039
80220,133.1713,-60.0000,97.5039
80230,133.1713,-60.0000,97.5039
80240,133.1713,-60.0000,97.5039
80250,133.1713,-60.0000,97.5039
80260,133.2034,-60.0000,97.5279
80270,133.8621,-60.0000,98.0218
80280,134.5317,-60.0000,98.5923
80290,135.1739,-60.0000,99.1954
80300,135.8026,-60.0000,99.8126
80310,136.4286,-60.0000,100.4327
80320,137.0528,-60.0000,101.0545
80330,137.6763,-60.0000,101.6770
80340,138.2995,-60.0000,102.2998
80350,138.9226,-60.0000,102.9227
80360,139.5457,-60.0000,103.5456
80370,140.1404,-60.0000,104.1403
80380,140.1776,-60.0000,104.1776
80390,140.1776,-60.0000,104.1776
80400,140.1776,-60.0000,104.1776
80410,140.1776,-60.0000,104.1776
80420,140.1776,-60.0000,104.1776
80430,140.1776,-60.0000,104.1776
80440,140.1776,-60.0000,104.1776
80450,140.1776,-60.0000,104.1776
80460,140.1776,-60.0000,104.1776
80470,140.1776,-60.0000,104.1776
80480,140.1776,-60.0000,104.1776
80490,140.1776,-60.0000,104.1776
80500,140.1776,-60.0000,104.1776
80510,140.1776,-60.0000,104.1776
80520,140.1776,-60.0000,104.1776
80530,140.1776,-60.0000,104.1776
80540,139.9440,-60.0000,104.6336
80550,139.4914,-60.0000,105.3814
80560,138.9083,-60.0000,106.0415
80570,138.3002,-60.0000,106.6789
80580,137.6837,-60.0000,107.3082
80590,137.0629,-60.0000,107.9334
80600,136.4409,-60.0000,108.5575
80610,135.8184,-60.0000,109.1810
80620,135.1956,-60.0000,109.8042
80630,134.5727,-60.0000,110.4273
80640,133.9497,-60.0000,111.0503
80650,133.3267,-60.0000,111.6733
80660,132.8279,-60.0000,112.1721
80670,132.8193,-60.0000,112.1807
80680,132.8193,-60.0000,112.1807
80690,132.8193,-60.0000,112.1807
80700,132.8193,-60.0000,112.1807
80710,132.8193,-60.0000,112.1807
80720,132.8193,-60.0000,112.1807
80730,132.8193,-60.0000,112.1807
80740,132.8193,-60.0000,112.1807
80750,132.8193,-60.0000,112.1807
80760,132.8193,-60.0000,112.1807
80770,132.8193,-60.0000,112.1807
80780,132.8193,-60.0000,112.1807
80790,132.8193,-60.0000,112.1807
80800,132.1512,-60.0000,112.3424
80810,131.2818,-60.0000,112.4563
80820,130.4018,-60.0000,112.4725
80830,129.5742,-60.0000,112.6372
80840,128.8868,-60.0000,113.1851
80850,128.8086,-60.0000,113.2460
80860,128.7990,-60.0000,113.2848
80870,128.6023,-60.0000,114.0843
80880,129.0177,-60.0000,114.8247
80890,129.3570,-60.0000,115.6143
80900,129.4645,-60.0000,116.4867
80910,129.5819,-60.0000,117.3318
80920,130.1192,-60.0000,118.0255
80930,130.3770,-60.0000,118.8501
80940,130.4620,-60.0000,119.7241
80950,130.4762,-60.0000,120.6044
80960,130.6400,-60.0000,121.4319
80970,131.1634,-60.0000,122.0876
80980,131.1940,-60.0000,122.1285
80990,131.1940,-60.0000,122.1285
81000,130.9627,-60.0000,122.5856
81010,130.5145,-60.0000,123.3362
81020,129.9368,-60.0000,124.0011
81030,129.3316,-60.0000,124.6411
81040,128.7173,-60.0000,125.2727
81050,128.0970,-60.0000,125.8984
81060,127.4754,-60.0000,126.5228
81070,126.8530,-60.0000,127.1464
81080,126.2302,-60.0000,127.7696
81090,125.8474,-60.0000,128.1524
81100,125.8474,-60.0000,128.1524
81110,125.5417,-60.0000,128.0044
81120,124.7675,-60.0000,127.6009
81130,124.0998,-60.0000,127.0278
81140,123.4550,-60.0000,126.4277
81150,122.8237,-60.0000,125.8132
81160,122.1981,-60.0000,125.1928
81170,121.8764,-60.0000,124.8736
81180,122.3283,-60.0000,124.6617
81190,123.1982,-60.0000,124.5428
81200,124.0783,-60.0000,124.5215
81210,124.9591,-60.0000,124.5140
81220,125.8400,-60.0000,124.5086
81230,126.7210,-60.0000,124.5053
81240,127.6021,-60.0000,124.5033
81250,128.4831,-60.0000,124.5019
81260,129.3303,-60.0000,124.6050
81270,130.0309,-60.0000,125.1333
81280,130.1798,-60.0000,125.2470
81290,130.1798,-60.0000,125.2470
81300,130.1798,-60.0000,125.2470
81310,130.1798,-60.0000,125.2470
81320,130.1798,-60.0000,125.2470
81330,130.1798,-60.0000,125.2470
81340,130.1798,-60.0000,125.2470
81350,130.1798,-60.0000,125.2470
81360,130.2639,-60.0000,125.5761
81370,130.4350,-60.0000,126.4321
81380,130.5307,-60.0000,127.2903
81390,131.0682,-60.0000,127.9796
81400,131.2423,-60.0000,128.1928
81410,131.2423,-60.0000,128.1928
81420,131.5975,-60.0000,128.5620
81430,132.2084,-60.0000,129.1948
81440,132.8279,-60.0000,129.8212
81450,133.4489,-60.0000,130.4462
81460,134.0711,-60.0000,131.0700
81470,134.3461,-60.0000,131.8938
81480,134.7911,-60.0000,132.6340
81490,135.2731,-60.0000,133.1613
81500,136.0049,-60.0000,132.7769
81510,136.6880,-60.0000,132.2264
81520,137.3376,-60.0000,131.6313
81530,137.9691,-60.0000,131.0170
81540,138.5962,-60.0000,130.3981
81550,139.2210,-60.0000,129.7769
81560,139.8445,-60.0000,129.1544
81570,140.4678,-60.0000,128.5317
81580,141.0909,-60.0000,127.9088
81590,141.7140,-60.0000,127.2859
81600,142.2237,-60.0000,126.5971
81610,142.4791,-60.0000,125.7633
81620,143.0246,-60.0000,125.0752
81630,143.1983,-60.0000,124.8616
81640,143.1983,-60.0000,124.8616
81650,143.1983,-60.0000,124.8616
81660,143.1983,-60.0000,124.8616
81670,143.1983,-60.0000,124.8616
81680,143.1983,-60.0000,124.8616
81690,143.1983,-60.0000,124.8616
81700,143.1983,-60.0000,124.8616
81710,142.7180,-60.0000,125.2407
81720,142.1060,-60.0000,125.8735
81730,141.4891,-60.0000,126.5025
81740,140.8687,-60.0000,127.1281
81750,140.2465,-60.0000,127.7519
81760,139.6240,-60.0000,128.3754
81770,139.0012,-60.0000,128.9986
81780,138.6825,-60.0000,129.7984
81790,138.5534,-60.0000,130.6662
81800,138.5184,-60.0000,131.5460
81810,138.3614,-60.0000,132.3772
81820,137.8290,-60.0000,133.0767
81830,137.7698,-60.0000,133.1563
81840,137.7698,-60.0000,133.1563
81850,137.2976,-60.0000,133.6560
81860,136.6902,-60.0000,134.2935
81870,136.0716,-60.0000,134.9209
81880,135.8151,-60.0000,135.1808
81890,135.8151,-60.0000,135.1808
81900,135.8151,-60.0000,135.1808
81910,135.8151,-60.0000,135.1808
81920,135.8151,-60.0000,135.1808
81930,135.8151,-60.0000,135.1808
81940,135.8151,-60.0000,135.1808
81950,135.8151,-60.0000,135.1808
81960,135.8151,-60.0000,135.1808
81970,135.8151,-60.0000,135.1808
81980,135.8151,-60.0000,135.1808
81990,135.8151,-60.0000,135.1808
82000,135.8151,-60.0000,135.1808
82010,135.8151,-60.0000,135.1808
82020,135.8151,-60.0000,135.1808
82030,135.5753,-60.0000,135.4214
82040,134.9569,-60.0000,136.0417
82050,134.3343,-60.0000,136.6651
82060,133.7115,-60.0000,137.2883
82070,133.0886,-60.0000,137.9114
82080,132.4656,-60.0000,138.5344
82090,131.8426,-60.0000,139.1574
82100,131.2196,-60.0000,139.7804
82110,130.5966,-60.0000,140.4034
82120,129.9736,-60.0000,141.0264
82130,129.1713,-60.0000,141.3360
82140,128.4146,-60.0000,141.7456
82150,127.8702,-60.0000,142.1940
82160,127.8608,-60.0000,142.1989
82170,127.8608,-60.0000,142.1989
82180,127.8608,-60.0000,142.1989
82190,127.8608,-60.0000,142.1989
82200,127.8608,-60.0000,142.1989
82210,127.8608,-60.0000,142.1989
82220,127.8608,-60.0000,142.1989
82230,127.8608,-60.0000,142.1989
82240,127.8608,-60.0000,142.1989
82250,127.8608,-60.0000,142.1989
82260,127.8608,-60.0000,142.1989
82270,127.8608,-60.0000,142.1989
82280,127.8608,-60.0000,142.1989
82290,127.8608,-60.0000,142.1989
82300,127.6210,-60.0000,141.5689
82310,127.5290,-60.0000,140.6940
82320,127.5175,-60.0000,139.8135
82330,127.5107,-60.0000,138.9326
82340,127.5070,-60.0000,138.0516
82350,127.5043,-60.0000,137.1706
82360,127.8103,-60.0000,136.3917
82370,128.2411,-60.0000,135.8334
82380,128.7419,-60.0000,135.6958
82390,129.6061,-60.0000,135.5537
82400,130.4857,-60.0000,135.5279
82410,131.1907,-60.0000,135.5185
82420,131.2028,-60.0000,135.5185
82430,131.3410,-60.0000,135.4101
82440,132.0204,-60.0000,134.8766
82450,132.8466,-60.0000,134.6220
82460,133.7208,-60.0000,134.5380
82470,134.6011,-60.0000,134.5238
82480,135.4288,-60.0000,134.3603
82490,136.1162,-60.0000,133.8125
82500,136.1944,-60.0000,133.7515
82510,136.1944,-60.0000,133.7515
82520,136.1944,-60.0000,133.7515
82530,136.1092,-60.0000,133.5980
82540,135.6832,-60.0000,132.8474
82550,135.1086,-60.0000,132.1813
82560,134.5087,-60.0000,131.5363
82570,133.8942,-60.0000,130.9049
82580,133.0693,-60.0000,130.6373
82590,132.3312,-60.0000,130.1921
82600,131.8506,-60.0000,129.7924
82610,131.8473,-60.0000,129.7924
82620,131.8473,-60.0000,129.7924
82630,131.8473,-60.0000,129.7924
82640,131.8473,-60.0000,129.7924
82650,131.8473,-60.0000,129.7924
82660,131.8473,-60.0000,129.7924
82670,131.8473,-60.0000,129.7924
82680,131.8473,-60.0000,129.7924
82690,131.8473,-60.0000,129.7924
82700,131.8473,-60.0000,129.7924
82710,131.8473,-60.0000,129.7924
82720,131.8473,-60.0000,129.7924
82730,131.8473,-60.0000,129.7924
82740,131.8473,-60.0000,129.7924
82750,131.8473,-60.0000,129.7924
82760,131.8473,-60.0000,129.7924
82770,131.8473,-60.0000,129.7924
82780,131.8473,-60.0000,129.7924
82790,131.8473,-60.0000,129.7924
82800,131.8473,-60.0000,129.7924
